,content
0,"Mission
"
1,"Theo Ä‘uá»•i háº¡nh phÃºc cho toÃ n thá»ƒ nhÃ¢n viÃªn, mang Ä‘áº¿n dá»‹ch vá»¥ tá»‘t nháº¥t cho khÃ¡ch hÃ ng, nÃ¢ng táº§m cháº¥t lÆ°á»£ng Viá»‡t Nam.
"
2,"Vision - Má»¥c tiÃªu 2024
"
3,"Trá»Ÿ thÃ nh má»™t tá»• chá»©c vá»›i 1000 ngÆ°á»i cung cáº¥p giáº£i phÃ¡p chuyá»ƒn Ä‘á»•i sá»‘ cÃ³ cháº¥t lÆ°á»£ng cho khÃ¡ch hÃ ng
"
4,"TrÃªn con Ä‘Æ°á»ng dÃ i hÆ°á»›ng tá»›i má»¥c tiÃªu: ""Theo Ä‘uá»•i háº¡nh phÃºc cho toÃ n thá»ƒ nhÃ¢n viÃªn, mang Ä‘áº¿n dá»‹ch vá»¥ tá»‘t nháº¥t cho khÃ¡ch hÃ ng, nÃ¢ng táº§m cháº¥t lÆ°á»£ng Viá»‡t Nam""
"
5,"Vision 2024 Ä‘Æ°á»£c váº¡ch ra vá»›i niá»m tin ráº±ng: viá»‡c tÄƒng trÆ°á»Ÿng vá» sá»‘ lÆ°á»£ng nhÃ¢n sá»± sáº½ lÃ  má»™t hÆ°á»›ng Ä‘i giÃºp má»i ngÆ°á»i cÃ³ Ä‘Æ°á»£c khÃ´ng gian Ä‘á»ƒ phÃ¡t triá»ƒn báº£n thÃ¢n hoÃ n thiá»‡n hÆ¡n, trá»Ÿ thÃ nh nhá»¯ng Global Citizen, Global Manager vÃ  hÆ¡n tháº¿ ná»¯a.
"
6,"Core Value
"
7,"CÃ¡c Core Value cá»§a HBLAB
"
8,"TrÃ¡ch nhiá»‡m sÃ¢u sÃ¡t vá»›i cÃ´ng viá»‡c: TrÃ¡ch nhiá»‡m lÃ  khi Ä‘Æ°á»£c giao báº¥t ká»³ viá»‡c gÃ¬ dÃ¹ to hay nhá», khÃ³ hay dá»…, cÅ©ng mang táº¥t cáº£ tÃ¢m há»“n cá»§a mÃ¬nh vÃ o cÃ´ng viá»‡c lÃ m Ä‘áº¿n nÆ¡i Ä‘áº¿n chá»‘n, vÆ°á»£t má»i khÃ³ khÄƒn Ä‘á»ƒ lÃ m cho thÃ nh cÃ´ng.
"
9,"ChÃ¢n thÃ nh: ChÃ¢n thÃ nh lÃ  thÃ nh tháº­t, lÆ°Æ¡ng thiá»‡n vÃ  thá»±c táº¿ vá»›i Ä‘á»“ng nghiá»‡p, khÃ¡ch hÃ ng, nhá»¯ng ngÆ°á»i xung quanh. HÆ¡n táº¥t cáº£ chÃ¢n thÃ nh lÃ  sá»‘ng tháº­t vá»›i chÃ­nh báº£n thÃ¢n mÃ¬nh.
"
10,"Chia sáº»: Chia sáº» lÃ  cÃ¹ng nhau gÃ¡nh vÃ¡c cÃ´ng viá»‡c, cÃ¹ng nhau hÆ°á»Ÿng thá»¥ thÃ nh quáº£ Ä‘Ã³. HÆ¡n tháº¿ ná»¯a lÃ  cÃ¹ng nhau chia sáº» niá»m vui, ná»—i buá»“n.
"
11,"LiÃªn tá»¥c Há»c Táº­p vÃ  Ä‘á»•i má»›i: LiÃªn tá»¥c há»c táº­p vÃ o Ä‘á»•i má»›i lÃ  má»—i thÃ nh viÃªn, cÃ´ng ty pháº£i liÃªn tá»¥c cáº­p nháº­t vÃ  tiáº¿p thu tri thá»©c má»›i. Coi há»c táº­p vÃ  Ä‘á»•i má»›i lÃ  nÄƒng lá»±c cáº¡nh tranh cá»‘t lÃµi cá»§a doanh nghiá»‡p.
"
12,"CÆ¡ cáº¥u tá»• chá»©c
"
13,"CÆ¡ cáº¥u tá»• chá»©c cá»§a HBLAB Viá»‡t Nam lÃ  tá»•ng há»£p cÃ¡c bá»™ pháº­n (Ä‘Æ¡n vá»‹, cÃ¡ nhÃ¢n) cÃ³ má»‘i liÃªn há»‡ phá»¥ thuá»™c láº«n nhau, Ä‘Æ°á»£c chuyÃªn mÃ´n hoÃ¡ vÃ  cÃ³ nhá»¯ng trÃ¡ch nhiá»‡m, quyá»n háº¡n nháº¥t Ä‘á»‹nh. CÃ¡c bá»™ pháº­n Ä‘Æ°á»£c bá»‘ trÃ­ thÃ nh cÃ¡c cáº¥p khÃ¡c nhau nháº±m thá»±c hiá»‡n cÃ¡c chá»©c nÄƒng quáº£n trá»‹ vÃ  phá»¥c vá»¥ má»¥c tiÃªu chung cá»§a tá»• chá»©c.
"
14,"HÆ°á»›ng dáº«n sá»­ dá»¥ng logo vÃ  tÃªn cÃ´ng ty
"
15,"https://wiki.hblab.vn/img_auth.php/H%C6%AF%E1%BB%9ANG_D%E1%BA%AAN_S%E1%BB%AC_D%E1%BB%A4NG_T%C3%8AN_V%C3%80_LOGO_HBLAB.pdf
"
16,"HBLAB Wiki lÃ  gÃ¬?
"
17,"Sá»± ra Ä‘á»i cá»§a ğ°ğ¢ğ¤ğ¢.ğ¡ğ›ğ¥ğšğ›.ğ¯ğ§ vá»›i niá»m tin ráº±ng cÃ¡c thÃ´ng tin mÃ  chÃºng ta Ä‘Ã£ vÃ  Ä‘ang trao Ä‘á»•i vá»›i nhau sáº½ Ä‘Æ°á»£c tá»‘i Æ°u giÃ¡ trá»‹ nháº¥t cÃ³ thá»ƒ.
"
18,"TrÆ°á»›c kia, chÃºng ta hay nháº­n Ä‘Æ°á»£c cÃ¡c thÃ´ng tin truyá»n thÃ´ng qua kÃªnh chat lÃ  chá»§ yáº¿u, viá»‡c nÃ y tá»“n táº¡i nhiá»u báº¥t cáº­p nhÆ° dá»… bá»‹ láº«n lá»™n, khÃ³ tÃ¬m kiáº¿m... VÃ¬ váº­y sá»± ra Ä‘á»i cá»§a trang ğ°ğ¢ğ¤ğ¢.ğ¡ğ›ğ¥ğšğ›.ğ¯ğ§ Ä‘áº§u tiÃªn lÃ  nháº±m kháº¯c phá»¥c Ä‘iá»ƒm báº¥t cáº­p nÃ y.
"
19,"Muá»‘n tÃ¬m láº¡i má»™t ná»™i dung thÃ´ng bÃ¡o nÃ o Ä‘Ã³ cá»§a Ä‘á»™i LnD, cá»§a PhÃ²ng HCNS hay cá»§a cÃ¡c cÃ¢u láº¡c bá»™ ÄÃ¡ BÃ³ng, Cáº§u LÃ´ng... tháº­t lÃ  khÃ³ khÄƒn, chÃºng ta sáº½ pháº£i há»i háº¿t ngÆ°á»i nÃ y tá»›i ngÆ°á»i khÃ¡c mÃ  cÅ©ng chÆ°a cháº¯c Ä‘Ã£ cÃ³ cÃ¢u tráº£ lá»i Ä‘áº§y Ä‘á»§. Viá»‡c tÃ¬m kiáº¿m tin nháº¯n trÃªn chatwork thÃ¬ khÃ´ng mang nhiá»u hi vá»ng, cÃ²n viá»‡c nhá»› ra tÃªn nhÃ³m rá»“i vÃ o má»¥c mÃ´ táº£ nhÃ³m Ä‘á»ƒ tÃ¬m trong 1 loáº¡t link Ä‘Ã­nh kÃ¨m nghe cÅ©ng khÃ´ng kháº£ thi hÆ¡n láº¯m.
"
20,"ChÃºng ta Ä‘Ã£ viáº¿t ráº¥t nhiá»u trÃªn cÃ¡c ná»n táº£ng chat, nhÆ°ng sá»± hiá»‡u quáº£ cá»§a nÃ³ nhanh chÃ³ng bá»‹ dÃ²ng thá»i gian nháº¥n chÃ¬m, giá» lÃ  lÃºc chÃºng ta cáº§n tá»‘i Æ°u láº¡i giÃ¡ trá»‹ cho nhá»¯ng thá»© chÃºng ta dáº§y cÃ´ng táº¡o ra.
"
21,"NhÆ°ng Ä‘Ã³ váº«n chÆ°a pháº£i lÃ  má»¥c tiÃªu cuá»‘i cÃ¹ng cho sá»± ra Ä‘á»i cá»§a ğ°ğ¢ğ¤ğ¢.ğ¡ğ›ğ¥ğšğ›.ğ¯ğ§. ChÃºng ta sáº¯p bÆ°á»›c sang tuá»•i thá»© 6, tháº¿ nhÆ°ng nhá»¯ng kÃ½ á»©c vá» 6 nÄƒm trÆ°á»›c Ä‘Ã¢u Ä‘Ã³ chá»‰ thá»‰nh thoáº£ng xuáº¥t hiá»‡n trong nhá»¯ng cÃ¢u truyá»‡n Ä‘Æ¡n láº» mÃ  má»™t vÃ i ngÆ°á»i biáº¿t Ä‘áº¿n. 6 Tuá»•i lÃ  lÃºc má»™t Ä‘á»©a tráº» táº­p viáº¿t, cÃ²n vá»›i má»™t doanh nghiá»‡p thÃ¬ cÅ©ng khÃ´ng cÃ²n sá»›m Ä‘á»ƒ báº¯t Ä‘áº§u viáº¿t láº¡i nhá»¯ng hoáº¡t Ä‘á»™ng cá»§a mÃ¬nh má»™t cÃ¡ch chuáº©n chá»‰ hÆ¡n.
"
22,"Náº¿u ai Ä‘Ã³ Ä‘Ã£ vÃ o ğ°ğ¢ğ¤ğ¢.ğ¡ğ›ğ¥ğšğ›.ğ¯ğ§ sáº½ Ä‘á»u tháº¥y mÃ¬nh cÃ³ quyá»n thao tÃ¡c(thÃªm, sá»­a, xÃ³a) vá»›i báº¥t ká»³ bÃ i viáº¿t nÃ o, NhÆ°ng hiá»‡n táº¡i Ä‘a sá»‘ má»i ngÆ°á»i chá»‰ dá»«ng láº¡i má»©c Ä‘á»™ lÃ  xem. HÃ£y nhá»› ráº±ng wiki lÃ  nÆ¡i lÆ°u giá»¯ tri thá»©c cá»§a má»i ngÆ°á»i, hÃ£y tá»± tÍŸhÍŸÃªÍŸmÍŸ nhá»¯ng thá»© chÆ°a cÃ³, hÃ£y sÍŸá»­ÍŸaÍŸ nhá»¯ng gÃ¬ Ä‘ang chÆ°a Ä‘Ãºng (vÃ  hÃ£y cÍŸhÍŸáº¯ÍŸcÍŸ ÍŸcÍŸhÍŸáº¯ÍŸnÍŸ vá» Ä‘iá»u Ä‘Ã³). HÃ£y tÆ°á»Ÿng tÆ°á»£ng 4 nÄƒm sau khi Cty lÃªn 1000 ngÆ°á»i chÃºng ta sáº½ cÃ³ Ä‘Æ°á»£c nhá»¯ng cÃ¢u truyá»‡n Ä‘Æ°á»£c sá»‘ hÃ³a tá»« hÃ ng trÄƒm cÃ¢y bÃºt trong cÃ´ng ty viáº¿t vá» cÃ¡ch mÃ  chÃºng Ä‘Ã£ Ä‘i Ä‘áº¿n Ä‘Æ°á»£c ngÃ y hÃ´m Ä‘Ã³: HÃ³a ra ngÃ y Ä‘Ã³ quy trÃ¬nh nhÆ° nÃ y Ã ? hÃ³a ra ngÃ y Ä‘Ã³ cÃ³ khÃ³a Global Citizen vá»›i máº¥y module nhÆ° nÃ y Ã ? Sáº½ cÃ²n ráº¥t nhiá»u thá»© Ä‘á»ƒ ká»ƒ vá» ná»¯a.
"
23,"Há»¡i nhá»¯ng ngÆ°á»i anh em HBLAB, trÆ°á»›c khi Ä‘áº·t phÃ­m viáº¿t nhá»¯ng thÃ´ng tin mang giÃ¡ trá»‹ lÃ¢u dÃ i dÃ nh cho 1 nhÃ³m ngÆ°á»i hÃ£y nhá»› tá»›i chÃºng ta cÃ³ ğ°ğ¢ğ¤ğ¢.ğ¡ğ›ğ¥ğšğ›.ğ¯ğ§: viáº¿t Ä‘áº¹p hÆ¡n, lÆ°u trá»¯ lÃ¢u hÆ¡n, tÃ¬m kiáº¿m vÃ  chia sáº» hiá»‡u quáº£ hÆ¡n...
"
24,"CÃ¡c ná»™i dung trÃªn trang wiki.hblab.vn
"
25,"CÃ¡c tÃ i liá»‡u quy trÃ¬nh cÃ³ thá»ƒ cÃ´ng khai cá»§a cÃ¡c phÃ²ng ban
"
26,"ISMS
"
27,"HÃ nh ChÃ­nh NhÃ¢n Sá»± (HCNS)
"
28,"LnD
"
29,"CÃ¡c Bá»™ Pháº­n Sáº£n Xuáº¥t(BPSX)
"
30,"CÃ¡c tÃ i liá»‡u OKR cá»§a cÃ´ng ty vÃ  cá»§a cÃ¡c phÃ²ng ban, BPSX
"
31,"CÃ¡c tÃ i liá»‡u cá»§a cÃ¡c cÃ¢u láº¡c bá»™
"
32,"Cáº§u lÃ´ng
"
33,"BÃ³ng Ä‘Ã¡
"
34,"....
"
35,"....
"
36,"Nhá»¯ng ai cÃ³ quyá»n thÃªm, sá»­a, xÃ³a bÃ i viáº¿t
"
37,"TrÃªn ná»n táº£ng Core Value mÃ  chÃºng ta Ä‘Ã£ cÃ¹ng lÃ m rÃµ ra vÃ o nÄƒm 2020 Ä‘Ã³ lÃ  TrÃ¡ch Nhiá»‡m thÃ¬: Má»i ngÆ°á»i Ä‘Äƒng nháº­p vÃ o Ä‘á»u cÃ³ quyá»n thÃªm, sá»­a xÃ³a bÃ i viáº¿t
"
38,"LÆ°u Ã½: má»i thay Ä‘á»•i Ä‘á»u Ä‘Æ°á»£c lÆ°u láº¡i lá»‹ch sá»­, vÃ  má»i ngÆ°á»i Ä‘á»u cÃ³ thá»ƒ xem Ä‘Æ°á»£c lá»‹ch sá»­ sá»­a Ä‘á»“i cá»§a táº¥t cáº£ cÃ¡c bÃ i viáº¿t (má»¥c View History gÃ³c trÃªn bÃªn pháº£i má»—i bÃ i viáº¿t)
"
39,"CÃ¡c Má»‘c thay Ä‘á»•i lá»›n:
"
40,"10/07/2020: Deploy há»‡ thá»‘ng wiki.hblab.vn
"
41,"11/2020 - 04/2021: cÃ¡c phÃ²ng ban cáº­p nháº­t tÃ i liá»‡u lÃªn há»‡ thá»‘ng
"
42,"27/04/2021: NgÃ y chÃ­nh thá»©c thÃ´ng bÃ¡o trang wiki tá»›i má»i ngÆ°á»i trong HBLAB
"
43,"HÆ°á»›ng dáº«n táº¡o 1 bÃ i viáº¿t trÃªn HBLAB Wiki
"
44,"Táº¡o bÃ i viáº¿t thÃ´ng qua search box
"
45,"Äiá»n tiÃªu Ä‘á» cá»§a bÃ i viáº¿t vÃ o Ã´ tÃ¬m kiáº¿m (nhÆ° hÃ¬nh bÃªn pháº£i), khi báº¡n Ä‘iá»n há»‡ thá»‘ng sáº½ tá»± Ä‘á»™ng láº¥y ra nhá»¯ng bÃ i viáº¿t gáº§n vá»›i tiÃªu Ä‘á» Ä‘Ã³. Náº¿u nÃ³ cÃ³ rá»“i thÃ¬ báº¡n khÃ´ng nÃªn táº¡o má»›i, mÃ  hÃ£y kiáº¿m tra xem cÃ³ cáº§n thay Ä‘á»•i gÃ¬ khÃ´ng?
"
46,"Náº¿u chÆ°a cÃ³ bÃ i viáº¿t nÃ o, thÃ¬ mÃ n hÃ¬nh sau sáº½ xuáº¥t hiá»‡n.
"
47,"NhÆ° hÃ¬nh bÃªn cáº¡nh, chÆ°a cÃ³ bÃ i viáº¿t nÃ o ""HÆ°á»›ng dáº«n táº¡o 1 bÃ i viáº¿t trÃªn HBLAB Wiki"", báº¡n click vÃ o ""HÆ°á»›ng dáº«n táº¡o 1 bÃ i viáº¿t trÃªn HBLAB Wiki"", Ä‘á»ƒ Ä‘i Ä‘áº¿n trang táº¡o bÃ i viáº¿t nÃ y.
"
48,"ChÃº Ã½: TiÃªu Ä‘á» sáº½ ko sá»­a Ä‘Æ°á»£c á»Ÿ trong trang táº¡o bÃ i viáº¿t.
"
49,"CÃ¡ch sá»­ dá»¥ng trÃ¬nh soáº¡n tháº£o(VisualEditor)
"
50,"á» pháº§n nÃ y mÃ¬nh chá»‰ giá»›i thiá»‡u 1 sá»‘ cÃ¡i Ä‘áº·c biá»‡t thÃ´i, nhá»¯ng cÃ¡i khÃ¡c cÆ¡ báº£n nÃªn chá»‰ cáº§n nhÃ¬n qua lÃ  hiá»ƒu cÃ¡ch lÃ m.
"
51,"Insert: cÃ³ thá»ƒ thÃªm áº£nh/video, thÃªm cÃ¡c template, thÃªm table ..
"
52,"CÃ¡c tuá»³ chá»n cho page: thÃªm category, short link, táº¡o language cho bÃ i viáº¿t(1 bÃ i viáº¿t cÃ³ thá»ƒ táº¡o nhiá»u ngÃ´n ngá»¯, vÃ  ngÆ°á»i xem cÃ³ thá»ƒ chuyá»ƒn sang cÃ¡c ngÃ´n ngá»¯ khÃ¡c nhau Ä‘Æ°á»£c) ..
"
53,"Äá»ƒ chuyá»ƒn cháº¿ Ä‘á»™ viáº¿t bÃ i, cÃ³ 2 cháº¿ Ä‘á»™ :
"
54,"VisualEditing: giao diá»‡n trá»±c quan
"
55,"Source Editing: Sá»­a theo cÃ¡ch code, cÃ³ nhiá»u thÃ nh pháº§n pháº£i thÃªm thÃ´ng qua tÃ­nh nÄƒng nÃ y mÃ  ko thá»ƒ thÃªm á»Ÿ giao diá»‡n cá»§a Visual Editing
"
56,"Save page: ThÃªm summary, cÃ³ thá»ƒ preview bÃ i viáº¿t trÆ°á»›c
"
57,"ThÃªm category cho bÃ i viáº¿t
"
58,"Äá»ƒ cÃ³ thá»ƒ tÃ¬m kiáº¿m nhanh, thÃ¬ cÃ¡c báº¡n nÃªn Ä‘áº·t cÃ¡c bÃ i viáº¿t theo category Ä‘á»ƒ ngÆ°á»i xem tiá»‡n tÃ¬m kiáº¿m cÅ©ng nhÆ° theo dÃµi Ä‘Æ°á»£c nÃ³.
"
59,"CÃ¡c cÃ¡ch táº¡o bÃ i viáº¿t khÃ¡c
"
60,"Táº¡o bÃ i viáº¿t thÃ´ng qua link dÆ°á»›i Ä‘Ã¢y:
"
61,"https://wiki.hblab.vn/index.php/ARTICLE    or
"
62,"https://wiki.hblab.vn/wiki/ARTICLE (chÆ°a hoáº¡t Ä‘á»™ng)
"
63,"ChÃº Ã½: thay ARTICLE báº±ng tiÃªu Ä‘á» bÃ i viáº¿t báº¡n muá»‘n thÃªm vÃ o
"
64,"Táº¡o bÃ i viáº¿t thÃ´ng qua form dÆ°á»›i Ä‘Ã¢y:
"
65,"báº¡n Ä‘iá»n tiÃªu Ä‘á» vÃ o click vÃ o button ""Create new article""
"
66,"ÄÃ¢y lÃ  cÃ¡ch Ä‘Æ¡n giáº£n Ä‘á»ƒ táº¡o ra 1 bÃ i viáº¿t. CÃ³ gÃ¬ tháº¯c máº¯c hÃ£y trao Ä‘á»•i trá»±c tiáº¿p vá»›i @dieuhd nhÃ©.
"
67,"NhÃºng Google Docs
"
68,"Khi chÃºng ta viáº¿t bÃ i trÃªn wiki cÃ³ khi chÃºng ta muá»‘n nhÃºng 1 tÃ i liá»‡u Google Docs : Google Sheet, Document vÃ o trong bÃ i viáº¿t thÃ¬ chÃºng ta cÃ³ thá»ƒ sá»­ dá»¥ng cÃ¡ch sau
"
69,"ChÃ¨n Google  Sheet
"
70,"sá»­ dá»¥ng trÃ¬nh Source Editing vÃ  chÃ¨n mÃ£ code dÆ°á»›i Ä‘Ã¢y
"
71,"<googlespreadsheet width=""600"" height=""200"">Google Docs' key goes here</googlespreadsheet>
"
72,"[Google Docs' key] láº¥y á»Ÿ trÃªn link cá»§a file
"
73,"Chi tiáº¿t cÃ³ thá»ƒ xem thÃªm táº¡i Ä‘Ã¢y
"
74,"ChÃ¨n Google Document
"
75,"sá»­ dá»¥ng trÃ¬nh Source Editing vÃ  chÃ¨n mÃ£ code dÆ°á»›i Ä‘Ã¢y
"
76,"<gdoc id=""your-google-doc-id"" width=""800"" height=""600"" />
"
77,"[google-doc-id] láº¥y á»Ÿ trÃªn link cá»§a file
"
78,"Chi tiáº¿t cÃ³ thá»ƒ xem táº¡i Ä‘Ã¢y
"
79,"ChÃ¨n biá»ƒu Ä‘á»“ vÃ o bÃ i viáº¿t
"
80,"Äá»ƒ chÃ¨n biá»ƒu Ä‘á»“ vÃ o bÃ i viáº¿t, chÃºng ta cÃ³ 2 cÃ¡ch dÆ°á»›i Ä‘Ã¢y
"
81,"Export biá»ƒu ra áº£nh rá»“i chÃ¨n vÃ o
"
82,"CÃ³ nhiá»u cÃ´ng cá»¥ miá»…n phÃ­ há»— trá»£ chÃºng ta táº¡o ra biá»ƒu Ä‘á»“, sau Ä‘Ã³ export ra file áº£nh, vÃ  cÃ³ thá»ƒ chÃ¨n vÃ o bÃ i viáº¿t nÃ y. VÃ­ dá»¥ cÃ¡c cÃ´ng cá»¥ hay Ä‘Æ°á»£c sá»­ dá»¥ng: draw.io, cacoo ...
"
83,"DÃ¹ng code báº±ng PlantUML
"
84,"Hiá»‡n táº¡i HBLAB Wiki Ä‘Ã£ tÃ­ch há»£p PlantUML Ä‘á»ƒ cÃ³ thá»ƒ váº½ Ä‘Æ°á»£c cÃ¡c biá»ƒu Ä‘á»“ UML, Ä‘á»ƒ cÃ³ thá»ƒ dá»… dÃ ng chá»‰nh sá»­a mÃ  khÃ´ng cáº§n pháº£i vÃ o cÃ¡c tool bÃªn thá»© 3 khÃ¡c.
"
85,"Upload file vÃ  chÃ¨n vÃ o bÃ i viáº¿t
"
86,"CÃ³ 2 cÃ¡ch Ä‘á»ƒ upload file
"
87,"ThÃ´ng qua trang quáº£n lÃ½ file
"
88,"VÃ o trang Upload file: chá»n file cáº§n upload, sau Ä‘Ã³ Ä‘iá»n tÃªn file vÃ  mÃ´ táº£ vá» file Ä‘áº¥y, Ä‘á»ƒ cho viá»‡c tÃ¬m kiáº¿m dá»… dÃ ng.
"
89,"Click vÃ o ""list of uploaded files"" Ä‘á»ƒ xem nhá»¯ng file Ä‘Ã£ Ä‘Æ°á»£c upload lÃªn
"
90,"ThÃ´ng qua tÃ­nh nÄƒng cá»§a trÃ¬nh soáº¡n tháº£o
"
91,"VÃ o Insert -> Images and media: chá»n file cáº§n upload lÃªn, Ä‘iá»n thÃ´ng tin Ä‘áº§y Ä‘á»§ rá»“i upload file.
"
92,"á» Ä‘Ã¢y cÅ©ng cÃ³ thá»ƒ tÃ¬m nhá»¯ng file Ä‘Ã£ up lÃªn vÃ  chÃ¨n vÃ o bÃ i viáº¿t.
"
93,"NÆ¡i lÆ°u trá»¯ cÃ¡c bÃ i viáº¿t cá»§a developers : https://blog.hblab.vn/
"
94,"NÆ¡i quáº£n lÃ½ thÃ´ng tin nhÃ¢n sá»±, quáº£n lÃ½ má»¥c tiÃªu, xin OT, quáº£n lÃ½ dá»± Ã¡n: https://opms.insight.hblab.co.jp/
"
95,"NÆ¡i quáº£n lÃ½ cÃ¡c request cá»§a moi ngÆ°á»i: request thiáº¿t bá»‹, Ä‘á»“ng dÃ¹ng ... cÃ³ thá»ƒ gá»­i cÃ¡c claim á»Ÿ Ä‘Ã¢y : https://fb.hblab.vn/
"
96,"NÆ¡i quáº£n lÃ½ source code: https://git.hblab.vn/
"
97,"Há»‡ thá»‘ng tá»± Ä‘á»™ng kiáº¿m tra convention code cá»§a cÃ¡c dá»± Ã¡n: https://sonar.dev.hblab.vn/
"
98,"Quáº£n lÃ½ task cá»§a dá»± Ã¡n: https://hblab.backlogtool.com/
"
99,"KÃªnh trao Ä‘á»•i: https://www.chatwork.com/, Facebook Group, Email @hblab.vn
"
100,"KÃªnh thÃ´ng tin tá»•ng há»£p: Radio Time
"
101,"Há»‡ thá»‘ng há»c online: Learning Hub
"
102,"CÃ¡c tÃ i liá»‡u chung cá»§a HBLAB
"
103,"HÆ°á»›ng dáº«n Ä‘áº·t lá»‹ch phÃ²ng há»p
"
104,"HÆ°á»›ng dáº«n sá»­ dá»¥ng OPMS
"
105,"Lá»‹ch nghá»‰ Lá»… nÄƒm 2022
"
106,"ThÃ´ng bÃ¡o, Quyáº¿t Ä‘á»‹nh ban hÃ nh
"
107,"CÃ¡c quy Ä‘á»‹nh vá» Báº£o máº­t an toÃ n thÃ´ng tin
"
108,"Lá»‹ch nghá»‰ Lá»… nÄƒm 2023
"
109,"CÃ¡c sá»± kiá»‡n cá»§a HBLAB 2021
"
110,"Sá»± kiá»‡n cá»§a HBLAB nÄƒm 2021
"
111,"Lá»‹ch nghá»‰ Lá»… nÄƒm 2021
"
112,"CÃ¡c tÃ i liá»‡u vá» quy trÃ¬nh sáº£n xuáº¥t
"
113,"Khá»‘i sáº£n xuáº¥t
"
114,"QT-SX-01-Standard Process
"
115,"QT-SX-02-L2 Process
"
116,"QT-SX-03-AI Process
"
117,"QT-SX-04-Requirement Process
"
118,"QT-SX-05-Design Process
"
119,"QT-SX-06-Code Process
"
120,"QT-SX-07-Test Process
"
121,"QT-SX-08-Causal Analysis and Resolution
"
122,"QA
"
123,"QT-QA-01-Quy trÃ¬nh xÃ¢y dá»±ng vÃ  quáº£n lÃ½ quy trÃ¬nh
"
124,"QT-QA-02-Quy trÃ¬nh kiá»ƒm soÃ¡t quy trÃ¬nh dá»± Ã¡n
"
125,"QT-QA-01-QA check_Finalinspection
"
126,"CÃ¡c tÃ i liá»‡u vá» bá»™ pháº­n L&D
"
127,"CÃ¡c chÆ°Æ¡ng trÃ¬nh Ä‘ang tuyá»ƒn sinh
"
128,"Bá»©c tranh há»c táº­p HBLAB
"
129,"ChÆ°Æ¡ng trÃ¬nh dÃ nh cho ToÃ n dÃ¢n
"
130,"ChÆ°Æ¡ng trÃ¬nh dÃ nh cho Developer
"
131,"ChÆ°Æ¡ng trÃ¬nh dÃ nh cho QC
"
132,"ChÆ°Æ¡ng trÃ¬nh dÃ nh cho PM
"
133,"ChÆ°Æ¡ng trÃ¬nh dÃ nh cho Quáº£n lÃ½
"
134,"ChÆ°Æ¡ng trÃ¬nh dÃ nh cho Tech Lead
"
135,"ChÆ°Æ¡ng trÃ¬nh dÃ nh cho cÃ¡c vá»‹ trÃ­ khÃ¡c
"
136,"CÃ¡c chÆ°Æ¡ng trÃ¬nh sáº¯p khai giáº£ng
"
137,"ThÆ° viá»‡n HBLAB
"
138,"Báº£n tin há»c táº­p HBLAB
"
139,"KhÃ´ng gian há»c táº­p Udemy
"
140,"DÃ nh cho developers
"
141,"Quy trÃ¬nh engineering
"
142,"Clean code: coding conventions, checklist clean code, review code process
"
143,"Git: git flow development, git convention
"
144,"Career path : Lá»™ trÃ¬nh phÃ¡t triá»ƒn
"
145,"CÃ¡c tÃ i liá»‡u vá» quy trÃ¬nh BackOffice
"
146,"Quy trÃ¬nh Admin chung
"
147,"Quy trÃ¬nh Káº¿ toÃ¡n
"
148,"Quy trÃ¬nh NhÃ¢n sá»±
"
149,"Quy trÃ¬nh Truyá»n thÃ´ng
"
150,"Quy trÃ¬nh IT
"
151,"Quy trÃ¬nh chá»‘t dá»± Ã¡n
"
152,"CÃ¡c tÃ i liá»‡u vá» quy trÃ¬nh Sale, Marketing
"
153,"TÃ i liá»‡u Marketing
"
154,"TÃ i liá»‡u Sale
"
155,"CÃ¡c tÃ i liá»‡u vá» quy trÃ¬nh Tá»•ng há»™i
"
156,"CÆ¡ cháº¿ hoáº¡t Ä‘á»™ng cá»§a Tá»•ng Há»™i
"
157,"Thu - Chi quá»¹ Tá»•ng Há»™i
"
158,"CÃ¡c hoáº¡t Ä‘á»™ng vÃ  Budget tá»• chá»©c
"
159,"ChÆ°Æ¡ng trÃ¬nh há»— trá»£ mÃ¹a dá»‹ch
"
160,"HBLAB - Notification
"
161,"PhÃ²ng chá»‘ng dá»‹ch
"
162,"HÆ°á»›ng dáº«n sá»­ dá»¥ng tiáº¿t kiá»‡m Ä‘iá»‡n nÄƒng (tá»« 22/6/2021 Ä‘áº¿n 22/07/2021)
"
163,"ThÃ´ng bÃ¡o vá» viá»‡c Ä‘Æ°a táº§ng 1 Lá»­ng vÃ o sá»­ dá»¥ng
"
164,"HÃ nh chÃ­nh nhÃ¢n sá»± Marketing - Há»— trá»£
"
165,"ChÃºng tÃ´i ráº¥t vui khi Ä‘Æ°á»£c há»— trá»£ báº¡n, vui lÃ²ng Ä‘iá»n thÃ´ng tin theo tá»«ng chá»©c nÄƒng bÃªn dÆ°á»›i Ä‘á»ƒ chÃºng tÃ´i xá»­ lÃ½ yÃªu cáº§u cá»§a báº¡n nhanh hÆ¡n.
"
166,"0. Äá»ƒ theo dÃµi quÃ¡ trÃ¬nh xá»­ lÃ½ cÃ¡c yÃªu cáº§u, anh chá»‹ cÃ³ thá»ƒ xem Táº I ÄÃ‚Y.
"
167,"1.YÃªu cáº§u vá» IT
"
168,"YÃªu cáº§u sá»± support tá»« nhÃ¢n viÃªn IT
"
169,"YÃªu cáº§u cáº¥p thÃªm thiáº¿t bá»‹ IT phá»¥c vá»¥ cÃ´ng viá»‡c
"
170,"2. YÃªu cáº§u vá» Truyá»n thÃ´ng, sá»± kiá»‡n - Marketing Team
"
171,"YÃªu cáº§u truyá»n thÃ´ng, tá»• chá»©c sá»± kiá»‡n
"
172,"Lá»‹ch Ä‘Äƒng kÃ½ Truyá»n thÃ´ng
"
173,"Form MÃ´ táº£ yÃªu cáº§u
"
174,"3. YÃªu cáº§u vá» NhÃ¢n Sá»±
"
175,"Tuyá»ƒn dá»¥ng
"
176,"ThÆ°á»Ÿng chá»©ng chá»‰
"
177,"Báº£o hiá»ƒm xÃ£ há»™i, Báº£o hiá»ƒm PVI
"
178,"4. YÃªu cáº§u vá» HÃ nh ChÃ­nh (cÃ¡c váº¥n Ä‘á» chung)
"
179,"CÆ¡ sá»Ÿ váº­t cháº¥t & Ä‘á»“ dÃ¹ng cÃ¡ nhÃ¢n
"
180,"Há»— trá»£ sá»± kiá»‡n
"
181,"GÃ³p Ã½ cho bá»™ pháº­n HCNS
"
182,"Quy trÃ¬nh ISMS
"
183,"Link quy trÃ¬nh: ISMS
"
184,"CÃ´ng bá»‘ Ã¡p dá»¥ng: SOA
"
185,"HÆ°á»›ng dáº«n Ä‘áº·t lá»‹ch phÃ²ng há»p
"
186,"Jump to navigationJump to search
"
187,"Äá»ƒ vÃ o trang Ä‘áº·t lá»‹ch Google Calendar cá»§a cÃ´ng ty, cÃ³ thá»ƒ vÃ o trá»±c tiáº¿p vÃ o 2 link dÆ°á»›i Ä‘Ã¢y:
"
188,"- https://calendar.google.com/
"
189,"- https://calendar.hblab.vn/
"
190,"I. CÃ¡ch Ä‘áº·t lá»‹ch phÃ²ng há»p trÃªn Google Calendar
"
191,"- (1): Äá»ƒ táº¡o lá»‹ch cÃ³ thá»ƒ click vÃ o button ""Create"", hoáº·c click vÃ o khoáº£ng thá»i gian mÃ  báº¡n muá»‘n Ä‘áº·t lá»‹ch trÃªn Calendar
"
192,"- (2): Äiá»n tÃªn cuá»™c há»p: [Äá»‹a Ä‘iá»ƒm][Bá»™ pháº­n] Ná»™i dung cuá»™c há»p
"
193,"VÃ­ dá»¥: [Learning][L&D] Weekly meeting
"
194,"- (3): Add guest nhá»¯ng ngÆ°á»i liÃªn quan vÃ o (Ä‘iá»n email)
"
195,"- (4): Add rooms or location. Chá»n phÃ²ng há»p, sáº½ nÃ³i chi tiáº¿t á»Ÿ phÃ­a dÆ°á»›i vá» chá»n phÃ²ng há»p
"
196,"- (5): Chá»‰nh sá»­a chi tiáº¿t (More opptions)
"
197,"- (6): Save cuá»™c há»p láº¡i trÃªn calendar
"
198,"II. CÃ¡ch chá»n phÃ²ng há»p
"
199,"Hiá»‡n táº¡i cÃ´ng ty cÃ³ 6 phÃ²ng vÃ  1 khu vá»±c há»p lá»›n táº¡i Relax
"
200,"Responsibility Room: phÃ²ng há»p cáº¡nh phÃ²ng server, dÃ nh cho 9 ngÆ°á»i
"
201,"Honesty Room: phÃ²ng há»p VIP, dÃ nh cho 12 ngÆ°á»i
"
202,"Sharing Room: phÃ²ng phá»ng váº¥n ngay cá»­a ra vÃ o, dÃ nh cho 7 ngÆ°á»i
"
203,"Cá»¥m 3 phÃ²ng há»p: 3 phÃ²ng há»p Ä‘Æ°á»£c ngÄƒn cÃ¡ch bá»Ÿi cÃ¡c táº¥m vÃ¡ch ngÄƒn di Ä‘á»™ng. Trong trÆ°á»ng há»£p cÃ¡c team cáº§n sá»­ dá»¥ng 2 phÃ²ng cÃ¹ng má»™t lÃºc (ghÃ©p phÃ²ng) thÃ¬ cáº§n book lá»‹ch há»p 2 phÃ²ng trong cÃ¹ng 1 khoáº£ng thá»i gian
"
204,"+ Learning Room: phÃ²ng lá»›n, dÃ nh cho 24 ngÆ°á»i
"
205,"+ Agile Room: phÃ²ng nhá», dÃ nh cho 5 ngÆ°á»i
"
206,"+ Quality Room: phÃ²ng nhá», dÃ nh cho 5 ngÆ°á»i
"
207,"Relax: Viá»‡c Ä‘áº·t lá»‹ch táº¡i khu Relax chá»‰ dÃ nh cho cÃ¡c cuá»™c Ä‘Ã o táº¡o cÃ³ sá»‘ lÆ°á»£ng lá»›n, cáº§n full khÃ´ng gian khu vá»±c (cÃ¡c cuá»™c há»p nhÃ³m nhá», Ã­t ngÆ°á»i thi khÃ´ng cáº§n Ä‘áº·t)
"
208,"+ Khi cÃ³ nhu cáº§u Ä‘áº·t lá»‹ch táº¡i khu vá»±c RELAX, má»i ngÆ°á»i Ä‘áº·t lá»‹ch trá»±c tiáº¿p cho team Admin (TrangDTT, ThuyNT2, QuyenLTK)
"
209,"+ Táº¥t cáº£ lá»‹ch Ä‘áº·t táº¡i khu Relax khÃ´ng pháº£i do team Admin Ä‘áº·t sáº½ tá»± Ä‘á»™ng bá»‹ xÃ³a khá»i Calendar
"
210,"NgoÃ i ra, cÃ³ thÃªm cÃ¡c phÃ²ng (hiá»‡n chÆ°a cÃ³ lá»‹ch book trÃªn calendar):
"
211,"Happiness Room: phÃ²ng cáº¡nh kho, Æ°u tiÃªn cho chá»‹ em cÃ³ con nhá» sá»­ dá»¥ng, hoáº·c lÃ  nÆ¡i Ä‘á»ƒ nghá»‰ ngÆ¡i y táº¿
"
212,"Phonebooth: phÃ²ng dÃ nh cho cÃ¡c cuá»™c trao Ä‘á»•i nhá» (2 ngÆ°á»i) hoáº·c nÆ¡i Ä‘á»ƒ cÃ¡ nhÃ¢n call riÃªng vá»›i khÃ¡ch hÃ ng
"
213,"III. Kiá»ƒm tra thá»i gian trá»‘ng cÃ¡c phÃ²ng há»p
"
214,"(1) Äiá»n tÃªn phÃ²ng muá»‘n check, vÃ­ dá»¥ trong áº£nh lÃ  Responsibility Room
"
215,"Khi Ä‘Ã³ cÃ¡c lá»‹ch há»p Ä‘Ã£ Ä‘Æ°á»£c Ä‘áº·t dÃ¹ng phÃ²ng Responsibility Room sáº½ hiá»ƒn thá»‹ ra, báº¡n chá»‰ cáº§n chá»n thá»i gian mÃ  phÃ²ng nÃ y ráº£nh thÃ¬ cÃ³ thá»ƒ Ä‘áº·t lá»‹ch cho cuá»™c há»p cá»§a mÃ¬nh.
"
216,"IV. CÃ¡ch add thÃªm phÃ²ng vÃ o Calendar
"
217,"Xuáº¥t phÃ¡t tá»« nhu cáº§u má»Ÿ rá»™ng vÄƒn phÃ²ng vá»›i má»¥c Ä‘Ã­ch Ä‘Ã o táº¡o, tá»• chá»©c cÃ¡c cuá»™c há»p, hoáº¡t Ä‘á»™ng nhÃ³m. CÃ´ng ty chÃ­nh thá»©c Ä‘Æ°a vÃ o sá»­ dá»¥ng há»‡ thá»‘ng 2 phÃ²ng há»p dÆ°á»›i táº§ng 1 lá»­ng
"
218,"(1): Äá»ƒ add thÃªm phÃ²ng trÃªn Calendar click vÃ o ""+"" táº¡i Má»¥c Other Calendars
"
219,"(2): Sau Ä‘Ã³ chá»n Browse resourses
"
220,"(3): Táº¡i Má»¥c CP, tÃ­ch chá»n cÃ¡c phÃ²ng má»›i cáº§n thÃªm
"
221,"HÆ°á»›ng dáº«n sá»­ dá»¥ng OPMS
"
222,"User Guide for Managerment
"
223,"Jump to navigationJump to search
"
224,"Äá»‘i tÆ°á»£ng: TrÆ°á»Ÿng/phÃ³ bá»™ pháº­n, PM Ä‘Æ°á»£c TrÆ°á»Ÿng bá»™ pháº­n á»§y quyá»n review member (gá»i chung lÃ  Manager)
"
225,"Nháº±m hÆ°á»›ng dáº«n cáº¥p quáº£n lÃ½ tá»± review vÃ  thá»±c hiá»‡n Reivew Member
"
226,"I. Manager tá»± ghi nháº­n Ä‘Ã¡nh giÃ¡ - Self Review
"
227,"1. Truy cáº­p menu Appraisal/6 Month
"
228,"2. Search báº£n ghi cÃ³ tÃªn mÃ¬nh
"
229,"3. Click báº£n ghi á»Ÿ tráº¡ng thÃ¡i Draft theo Ä‘á»£t Review (1H - Ä‘á»£t Review thÃ¡ng 4; 2H - Ä‘á»£t Review thÃ¡ng 10)
"
230,"4. Click button [Edit]
"
231,"5. Nháº­p Ä‘áº§y Ä‘á»§ cÃ¡c ná»™i dung trÃªn cÃ¡c tab: Káº¿t quáº£ 6 thÃ¡ng trÆ°á»›c , Káº¿ hoáº¡ch 6 thÃ¡ng tá»›i, Äá» xuáº¥t (lÆ°u Ã½ khÃ´ng Ä‘Æ°á»£c Ä‘á»ƒ trá»‘ng cÃ¡c dá»¯ liá»‡u báº¯t buá»™c cÃ³ dáº¥u (*))
"
232,"LÆ°u Ã½: Má»¥c III. GHI NHáº¬N HIá»†U QUáº¢ CÃ”NG VIá»†C HÃ€NG THÃNG trÃªn tab Káº¿t quáº£ 6 thÃ¡ng trÆ°á»›c hiá»‡n chÆ°a cÃ³ dá»¯ liá»‡u nhÆ°ng Ä‘Ã¢y lÃ  trÆ°á»ng báº¯t buá»™c pháº£i nháº­p thÃ´ng tin trÃªn há»‡ thá»‘ng nÃªn lÃ m theo hÆ°á»›ng dáº«n sau:
"
233,"- Click [Add an item]
"
234,"- Chá»n ThÃ¡ng liá»n trÆ°á»›c Ä‘á»£t review (VD: Review thÃ¡ng 4 chá»n thÃ¡ng 03, Review thÃ¡ng 10 chá»n thÃ¡ng 09), Dá»± Ã¡n mÃ  mÃ¬nh tham gia vÃ  nháº­p Ä‘iá»ƒm Ä‘Ã¡nh giÃ¡ theo máº«u trong hÃ¬nh
"
235,"II. Review chÃ©o cho Member bá»™ pháº­n khÃ¡c (náº¿u cÃ³)
"
236,"Managers cÃ³ thá»ƒ Ä‘Æ°á»£c cÃ¡c trÆ°á»Ÿng bá»™ pháº­n khÃ¡c nhá» Ä‘Ã¡nh giÃ¡ member
"
237,"BÆ°á»›c 1. Truy cáº­p menu Appraisals/My files
"
238,"BÆ°á»›c 2 . Filter â€œNewâ€ ,""Äá»£t Ä‘Ã¡nh giÃ¡""
"
239,"MÃ n hÃ¬nh hiá»ƒn thá»‹ cÃ¡c báº£n ghi mÃ  anh/chá»‹ lÃ  ngÆ°á»i Review chÃ©o
"
240,"BÆ°á»›c 3. Click chá»n báº£n ghi vÃ  nháº¥n button [ Edit ]
"
241,"BÆ°á»›c 4. Nháº­p Ä‘áº§y Ä‘á»§ ná»™i dung vÃ o cÃ¡c tiÃªu chÃ­ review á»Ÿ cáº£ 2 tab ÄÃ¡nh giÃ¡ chung, Äá» xuáº¥t
"
242,"BÆ°á»›c 5. Click button [ Save] Ä‘á»ƒ lÆ°u dá»¯ liá»‡u
"
243,"BÆ°á»›c 6. Click button [ Submit ] Ä‘á»ƒ hoÃ n thiá»‡n review
"
244,"III. Manager review/feedback báº£n tá»± review cá»§a members
"
245,"1. Xem dá»¯ liá»‡u Members tá»± Ä‘Ã¡nh giÃ¡
"
246,"BÆ°á»›c 1. Truy cáº­p menu Appraisals/6 Month: hiá»ƒn thá»‹ danh sÃ¡ch cÃ¡c báº£n tá»± Ä‘Ã¡nh giÃ¡ cá»§a Members
"
247,"BÆ°á»›c 2. Click chá»n báº£n ghi cÃ³ cháº¿ Ä‘á»™ Status = Submitted
"
248,"CÃ¡c báº£n ghi cÃ³ cháº¿ Ä‘á»™ Draft lÃ  cÃ¡c báº£n ghi chÆ°a Ä‘Æ°á»£c hoÃ n thÃ nh, Managers sáº½ khÃ´ng tháº¥y dá»¯ liá»‡u bÃªn trong. Náº¿u qua Deadline members tá»± Ä‘Ã¡nh giÃ¡ Manager chá»§ Ä‘á»™ng nháº¯c members kiá»ƒm tra vÃ  ná»™p láº¡i.
"
249,"LÆ°u Ã½: Má»¥c Managerâ€™s Note lÃ  nÆ¡i trÆ°á»Ÿng bá»™ pháº­n (Manager) note vÃ  chá»‰ Manager tháº¥y Ä‘Æ°á»£c, ngay cáº£ DL hay Admin cÅ©ng khÃ´ng nhÃ¬n tháº¥y Ä‘Æ°á»£c. VÃ¬ váº­y khÃ´ng sá»­ dá»¥ng chá»©c nÄƒng nÃ y.
"
250,"BÆ°á»›c 3.  Click [ Approve ] báº£n tá»± review Ä‘áº¡t yÃªu cáº§u
"
251,"Managers cÃ³ thá»ƒ Ä‘á»ƒ láº¡i Comment, Members sáº½ Ä‘á»c Ä‘Æ°á»£c Comment nÃ y
"
252,"BÆ°á»›c 4. Click [ Reject ] báº£n tá»± review khÃ´ng Ä‘áº¡t yÃªu cáº§u
"
253,"Managers Comment láº¡i lÃ½ do Reject (VD: Ä‘iá»n thiáº¿u trÆ°á»ng thÃ´ng tin, báº£n review sÆ¡ sÃ i,...)
"
254,"Chá»n Deadline yÃªu cáº§u members sá»­a vÃ  ná»™p láº¡i báº£n review
"
255,"BÆ°á»›c 5. Click [ Set to Draft ] Ä‘á»ƒ cáº¥p quyá»n cho members sá»­a láº¡i báº£n review
"
256,"2. Xem dá»¯ liá»‡u Members Ä‘Ã¡nh giÃ¡ chÃ©o
"
257,"BÆ°á»›c 1: Truy cáº­p menu Appraisals/6 Month
"
258,"BÆ°á»›c 2. Click chá»n báº£n ghi cÃ³ cháº¿ Ä‘á»™ Status = Submitted
"
259,"BÆ°á»›c 3. Chá»n Button Reviews
"
260,"BÆ°á»›c 4. MÃ n hÃ¬nh hiá»ƒn thá»‹ cÃ¡c báº£n ghi ngÆ°á»i khÃ¡c review vá» Members
"
261,"LÆ°u Ã½: PM Ä‘Æ°á»£c TrÆ°á»Ÿng bá»™ pháº­n á»§y quyá»n review member ghi láº¡i nháº­n xÃ©t, Ä‘Ã¡nh giÃ¡ á»Ÿ má»¥c ""Authorized's Note""
"
262,"User Guide for Members
"
263,"Jump to navigationJump to search
"
264,"HÆ°á»›ng dáº«n Member thá»±c hiá»‡n Review
"
265,"Äá»‘i tÆ°á»£ng:
"
266,"- NhÃ¢n viÃªn:
"
267,"+ Tá»± ghi nháº­n Ä‘Ã¡nh giÃ¡ cÃ¡ nhÃ¢n
"
268,"+ Nháº­n xÃ©t báº£n Ä‘Ã¡nh giÃ¡ khÃ¡c (náº¿u Ä‘Æ°á»£c assign)
"
269,"+ Review Ä‘á»“ng nghiá»‡p vÃ  cáº¥p trÃªn
"
270,"Link OPMS: https://opms.insight.hblab.co.jp/web/login
"
271,"ÄÄƒng nháº­p báº±ng tÃ i khoáº£n gmail cÃ´ng ty
"
272,"A. Tá»± Ghi nháº­n Ä‘Ã¡nh giÃ¡ - Self Review:
"
273,"1. Truy cáº­p menu Appraisal/6 Month
"
274,"2. Click báº£n ghi á»Ÿ tráº¡ng thÃ¡i Draft theo Ä‘á»£t Review
"
275,"VD: Äá»£t review thÃ¡ng 4: Year nÄƒm, Term 1H, Äá»£t review thÃ¡ng 10: Year nÄƒm, Term 2H
"
276,"3. Click button [Edit]
"
277,"4. Nháº­p Ä‘áº§y Ä‘á»§ cÃ¡c ná»™i dung trÃªn cÃ¡c tab: Káº¿t quáº£ 6 thÃ¡ng trÆ°á»›c , Káº¿ hoáº¡ch 6
"
278,"thÃ¡ng tá»›i, Äá» xuáº¥t (lÆ°u Ã½ khÃ´ng Ä‘Æ°á»£c Ä‘á»ƒ trá»‘ng cÃ¡c dá»¯ liá»‡u báº¯t buá»™c cÃ³ dáº¥u (*))
"
279,"LÆ°u Ã½:
"
280,"Má»¥c III. GHI NHáº¬N HIá»†U QUáº¢ CÃ”NG VIá»†C HÃ€NG THÃNG trÃªn tab Káº¿t quáº£ 6 thÃ¡ng trÆ°á»›c hiá»‡n chÆ°a cÃ³ dá»¯ liá»‡u nhÆ°ng Ä‘Ã¢y lÃ  trÆ°á»ng báº¯t buá»™c pháº£i nháº­p thÃ´ng tin trÃªn há»‡ thá»‘ng nÃªn members lÃ m theo hÆ°á»›ng dáº«n sau:
"
281,"- Click [Add an item]
"
282,"- Chá»n ThÃ¡ng liá»n trÆ°á»›c Ä‘á»£t review (VD: Review thÃ¡ng 4 chá»n thÃ¡ng 03, Review thÃ¡ng 10 chá»n thÃ¡ng 09), Dá»± Ã¡n mÃ  mÃ¬nh tham gia vÃ  nháº­p Ä‘iá»ƒm Ä‘Ã¡nh giÃ¡ theo máº«u trong hÃ¬nh
"
283,"5. Click button [ Save ] Ä‘á»ƒ lÆ°u dá»¯ liá»‡u
"
284,"6. Click button [ Submit ] Ä‘á»ƒ hoÃ n thiá»‡n review
"
285,"B. Review Ä‘á»“ng nghiá»‡p
"
286,"(TÃ¹y theo Ä‘á»‘i tÆ°á»£ng Ä‘Æ°á»£c review lÃ  Ä‘á»“ng nghiá»‡p hay cáº¥p trÃªn mÃ  cÃ³ cÃ¡c tiÃªu chÃ­ review tÆ°Æ¡ng á»©ng)
"
287,"1. Truy cáº­p menu Review Requests/ My files
"
288,"2. Click chá»n báº£n ghi á»Ÿ tráº¡ng thÃ¡i New
"
289,"3. Click button [ Edit ]
"
290,"4. Nháº­p Ä‘áº§y Ä‘á»§ ná»™i dung vÃ o cÃ¡c tiÃªu chÃ­ review á»Ÿ cáº£ 2 tab ÄÃ¡nh giÃ¡ chung, Äá» xuáº¥t
"
291,"5. Click button [ Save ] Ä‘á»ƒ lÆ°u dá»¯ liá»‡u
"
292,"6. Click button [ Submit ] Ä‘á»ƒ hoÃ n thiá»‡n review
"
293,"C. Nháº­n xÃ©t /gÃ³p Ã½ vá» thÃ nh viÃªn khÃ¡c khi Ä‘Æ°á»£c á»¦y quyá»n
"
294,"- Khi Ä‘Æ°á»£c ngÆ°á»i quáº£n lÃ½ giao cho lÃ m Authorized Person cá»§a má»™t Ä‘Ã¡nh giÃ¡ (VÃ­ dá»¥: Manager má»›i á»§y quyá»n cho manager cÅ© review members), thá»±c hiá»‡n thao tÃ¡c nhÆ° sau:
"
295,"1. Truy cáº­p menu Appraisal/6 Month
"
296,"2. Chá»n báº£n ghi mÃ  mÃ¬nh lÃ m Authorized Person
"
297,"3. Click button [ Edit ]
"
298,"4. TrÃªn tab Authorized Personâ€™s note, nháº­p ná»™i dung nháº­n xÃ©t
"
299,"5. Click button [ Save ]
"
300,"HÆ°á»›ng dáº«n log OT
"
301,"Jump to navigationJump to search
"
302,"Nháº±m hÆ°á»›ng dáº«n CBCNV v/v log OT trÃªn OPMS
"
303,"BÆ°á»›c 1: Truy cáº­p vÃ o Module Project
"
304,"BÆ°á»›c 2: Thao tÃ¡c khai bÃ¡o OT trong má»¥c Overtime
"
305,"I. Chá»©c nÄƒng cá»§a tá»«ng menu
"
306,"Requests:
"
307,"- Hiá»ƒn thá»‹ cÃ¡c OT request cá»§a há»‡ thá»‘ng.
"
308,"- Cho phÃ©p ngÆ°á»i dÃ¹ng thÃªm, sá»­a, xÃ³a cÃ¡c request.
"
309,"- Cho phÃ©p ngÆ°á»i dÃ¹ng tÃ¬m kiáº¿m, filter, group theo nhiá»u tiÃªu chÃ­.
"
310,"Timesheets:
"
311,"- Hiá»ƒn thá»‹ cÃ¡c khai bÃ¡o timesheet cá»§a cÃ¡c member dá»± Ã¡n tÆ°Æ¡ng á»©ng vá»›i cÃ¡c request overtime cá»§a há»‡ thá»‘ng
"
312,"- Cho phÃ©p ngÆ°á»i dÃ¹ng thÃªm, sá»­a, xÃ³a cÃ¡c timesheet
"
313,"- Cho phÃ©p ngÆ°á»i dÃ¹ng tÃ¬m kiáº¿m, filter, group theo nhiá»u tiÃªu chÃ­.
"
314,"II. Thao tÃ¡c chi tiáº¿t
"
315,"1.Táº¡o Request OT
"
316,"PM cáº§n pháº£i táº¡o Request overtime, chá»‰ nhá»¯ng request Ä‘Ã£ Ä‘Æ°á»£c approve má»›i cho phÃ©p táº¡o timesheet
"
317,"LÆ°u Ã½: hiá»‡n táº¡i PM khi Ä‘Äƒng kÃ½ OT thÃ¬ Ä‘Äƒng kÃ½ OT cho cáº£ thÃ¡ng. Cáº¥u trÃºc Ä‘áº·t tÃªn lÃ  [NÄƒm][ThÃ¡ng]_[TÃªn dá»± Ã¡n] VD: 202003_Koueki
"
318,"á» pháº§n Allowance:
"
319,"- Chá»n â€œNgÃ y thÆ°á»ngâ€™â€™ Start Date lÃ  ngÃ y Ä‘áº§u thÃ¡ng vÃ  End Date lÃ  ngÃ y cuá»‘i thÃ¡ng.
"
320,"- Chá»n â€œCuá»‘i tuáº§nâ€ Start Date lÃ  ngÃ y Ä‘áº§u thÃ¡ng vÃ  End Date lÃ  ngÃ y cuá»‘i thÃ¡ng.
"
321,"- Chá»n â€œBuá»•i tá»‘i sau 22hâ€ Start Date lÃ  ngÃ y Ä‘áº§u thÃ¡ng vÃ  End Date lÃ  ngÃ y cuá»‘i thÃ¡ng.
"
322,"- Chá»n â€œBuá»•i tá»‘i sau 22h (cuá»‘i tuáº§n)â€ Start Date lÃ  ngÃ y Ä‘áº§u thÃ¡ng vÃ  End Date lÃ  ngÃ y cuá»‘i thÃ¡ng
"
323,"- Chá»n â€œNgÃ y lá»…â€ Start Date lÃ  ngÃ y Ä‘áº§u thÃ¡ng vÃ  End Date lÃ  ngÃ y cuá»‘i thÃ¡ng.
"
324,"Äá»ƒ Ä‘áº£m báº£o member cÃ³ thá»ƒ log OT Ä‘Æ°á»£c, PM lÆ°u Ã½ chá»n háº¿t táº¥t cáº£ cÃ¡c má»¥c Ä‘Ã£ nÃªu trÃªn
"
325,"Thao tÃ¡c:
"
326,"- Click button â€‹[Create] â€‹trÃªn menu Requests
"
327,"- Nháº­p ná»™i dung cÃ¡c trÆ°á»ng: [Description], [Project], [OT reason]
"
328,"- TrÃªn tab â€‹[Detail] â€‹click text [â€‹Add an itemâ€‹] Ä‘á»ƒ táº¡o 1 request detail
"
329,"- Nháº­p Ä‘áº§y Ä‘á»§ thÃ´ng tin:
"
330,"- Allowance: Loáº¡i hÃ¬nh OT.
"
331,"- Start Date/ End Date: Thá»i gian OT theo ngÃ y
"
332,"- Start Hour/ End Hour: Thá»i gian OT theo giá»
"
333,"- Click button â€‹[Save] â€‹Ä‘á»ƒ lÆ°u láº¡i request OT vá»«a táº¡o
"
334,"- Click button â€‹[Submit]â€‹ Ä‘á»ƒ gá»­i request lÃªn trÆ°á»Ÿng bá»™ pháº­n.
"
335,"LÆ°u Ã½: â€‹Vá»›i nhá»¯ng nhÃ¢n viÃªn chá»‰ OT support dá»± Ã¡n (khÃ´ng pháº£i member dá»± Ã¡n) PM chá»‰ cáº§n add employee vÃ o danh sÃ¡ch member outside. Nhá»¯ng member nÃ y chá»‰ cÃ³ thá»ƒ log timesheet OT, khÃ´ng cÃ³ quyá»n xem dá»¯ liá»‡u dá»± Ã¡n, Ä‘á»“ng thá»i khÃ´ng Ä‘Æ°á»£c add vÃ o cÃ¡c group cá»§a dá»± Ã¡n:
"
336,"- TrÃªn Request OT, click tab â€‹Member outside project
"
337,"- Click text button â€‹Add an item
"
338,"- Chá»n Employee â€‹lÃ m member outside
"
339,"2. Approve Request OT
"
340,"DL cáº§n approve request OT thÃ¬ member dá»± Ã¡n má»›i cÃ³ thá»ƒ thá»±c hiá»‡n log timesheet OT
"
341,"- TrÃªn tree view Request OT
"
342,"- Click request Ä‘ang á»Ÿ tráº¡ng thÃ¡i Waiting Approve
"
343,"- Click button [â€‹Approveâ€‹] Ä‘á»ƒ Ä‘á»“ng Ã½ vá»›i request, cho phÃ©p member log timesheet
"
344,"- Click button [â€‹Rejectâ€‹] Ä‘á»ƒ tá»« chá»‘i request
"
345,"3. Khai Timesheets OT
"
346,"Member dá»± Ã¡n chá»‰ cÃ³ thá»ƒ táº¡o timesheet tÆ°Æ¡ng á»©ng vá»›i cÃ¡c request OT Ä‘Ã£ Ä‘Æ°á»£c approve; chá»‰ nhá»¯ng timesheet Ä‘Ã£ Ä‘Æ°á»£c approve (by DL) má»›i Ä‘Æ°á»£c tÃ­nh phá»¥ cáº¥p OT
"
347,"Thao tÃ¡c:
"
348,"- Click button [â€‹Createâ€‹] trÃªn menu Timesheets.
"
349,"- Nháº­p dá»¯ liá»‡u cÃ¡c trÆ°á»ng [Project], [Request OT], [Timesheet Date], [Start Hour], [End Hour]
"
350,"- Click [â€‹Saveâ€‹] Ä‘á»ƒ lÆ°u dá»¯ liá»‡u
"
351,"- Click [â€‹Submit to PMâ€‹] Ä‘á»ƒ gá»­i request lÃªn PM
"
352,"***Quy Ä‘á»‹nh vá» thá»i gian OT
"
353,"NgÃ y thÆ°á»ng: nhÃ¢n há»‡ sá»‘ 1.5
"
354,"NgÃ y thÆ°á»ng sau 22h: nhÃ¢n há»‡ sá»‘ 2
"
355,"NgÃ y nghá»‰ hÃ ng tuáº§n: nhÃ¢n há»‡ sá»‘ 2
"
356,"NgÃ y nghá»‰ hÃ ng tuáº§n sau 22h: nhÃ¢n há»‡ sá»‘ 2.7
"
357,"NgÃ y lá»…: nhÃ¢n há»‡ sá»‘ 3
"
358,"LÆ°u Ã½: Äá»ƒ Ä‘áº£m báº£o quyá»n lá»£i OT vÃ  Ä‘á»ƒ Ä‘Ã¡p á»©ng rules cá»§a há»‡ thá»‘ng, member lÆ°u Ã½ tÃ¡ch timesheet OT thÃ nh cÃ¡c record theo quy Ä‘á»‹nh.
"
359,"VD1 : NgÃ y thÆ°á»ng OT tá»« 22h- 8h sÃ¡ng hÃ´m sau, member dá»± Ã¡n pháº£i tÃ¡ch ra thÃ nh 3 log tá»« 22h-24h Ä‘á»ƒ nhÃ¢n há»‡ sá»‘ 2, 24h01â€™- 6h01â€™ Ä‘á»ƒ nhÃ¢n há»‡ sá»‘ 2 vÃ  tá»« 6h02â€™- 8h02â€™ Ä‘á»ƒ nhÃ¢n há»‡ sá»‘ 1.5
"
360,"VD2 : NgÃ y thÆ°á»ng OT tá»« 5h- 8h, member pháº£i tÃ¡ch ra thÃ nh 2 log tá»« 5h-6h Ä‘á»ƒ nhÃ¢n há»‡ sá»‘ 2 vÃ  tá»« 6h01- 8h01â€™ Ä‘á»ƒ nhÃ¢n há»‡ sá»‘ 1.5
"
361,"4. Approve Timesheets OT
"
362,"Vá»›i Timesheet OT cáº§n pháº£i cÃ³ 2 lÆ°á»£t Approve cá»§a PM vÃ  DL
"
363,"- TrÃªn tree view Timesheet OT
"
364,"- Click timesheet á»Ÿ tráº¡ng thÃ¡i Waiting Approve hoáº·c Approved by PM
"
365,"- Click button [â€‹Approve] â€‹Ä‘á»ƒ Ä‘á»“ng Ã½ vá»›i times
"
366,"- Click button [â€‹Reject]â€‹ Ä‘á»ƒ tá»« chá»‘i
"
367,"LÆ°u Ã½: â€‹Chá»‰ nhá»¯ng timesheet á»Ÿ tráº¡ng thÃ¡i Approved by Manager má»›i Ä‘Æ°á»£c tÃ­nh lÆ°Æ¡ng
"
368,"Trong trÆ°á»ng há»£p cáº§n approve nhiá»u timesheet, há»‡ thá»‘ng cho phÃ©p approve Ä‘á»“ng thá»i trÃªn treeview nhÆ° sau:
"
369,"- TrÃªn treeview, chá»n cÃ¡c timesheet cáº§n approve
"
370,"- Chá»n Action > Approve timesheets
"
371,"HÆ°á»›ng dáº«n sá»­ dá»¥ng Working Timesheet
"
372,"Jump to navigationJump to search
"
373,"I. Giá»›i thiá»‡u chung
"
374,"â—  Working timesheet lÃ  module Ä‘Æ°á»£c phÃ¡t triá»ƒn phá»¥c vá»¥ cho cÃ¡c hoáº¡t Ä‘á»™ng liÃªn quan tá»›i hoáº¡t Ä‘á»™ng báº£ng cháº¥m cÃ´ng cá»§a nhÃ¢n viÃªn.
"
375,"â—  TÃ i liá»‡u nÃ y Ä‘Æ°á»£c táº¡o ra Ä‘á»ƒ hÆ°á»›ng dáº«n ngÆ°á»i dÃ¹ng cÃ¡c thao tÃ¡c cáº§n thiáº¿t khi sá»­ dá»¥ng chá»©c nÄƒng nÃ y trÃªn pháº§n má»m.
"
376,"â—  CÃ¡c tÃ­nh nÄƒng trÃªn pháº§n má»m sáº½ Ä‘Æ°á»£c phÃ¢n quyá»n thao tÃ¡c tÆ°Æ¡ng á»©ng vá»›i vá»‹ trÃ­ cÃ´ng viá»‡c cá»§a má»—i ngÆ°á»i sá»­ dá»¥ng.
"
377,"II. HÆ°á»›ng dáº«n sá»­ dá»¥ng
"
378,"1. Timesheet Data
"
379,"1.1. Attendances
"
380,"â— Attendance â€‹lÃ  menu quáº£n lÃ½ giá» check in, giá» checkout
"
381,"- User Member chá»‰ xem Ä‘Æ°á»£c giá» checkin, checkout cá»§a chÃ­nh mÃ¬nh
"
382,"- User Manager xem Ä‘Æ°á»£c giá» checkin, checkout cá»§a chÃ­nh mÃ¬nh vÃ  member mÃ¬nh quáº£n lÃ½
"
383,"â— Thao tÃ¡c
"
384,"VÃ o menu Working Timesheet >> Timesheet Data >> Attendances
"
385,"- Hiá»ƒn thá»‹ mÃ n hÃ¬nh My Attendance: danh sÃ¡ch giá» check in, giá» checkout cá»§a user
"
386,"- Há»‡ thá»‘ng há»— trá»£ má»™t sá»‘ filters, group by táº¡o sáºµn nháº±m giÃºp ngÆ°á»i dÃ¹ng lá»c dá»¯ liá»‡u theo Ã½ muá»‘n:
"
387,"Filtersâ€‹:
"
388,"- My attendances: â€‹hiá»ƒn thá»‹ giá» check in, checkout cá»§a employee Ä‘Ã³
"
389,"- Today: â€‹hiá»ƒn thá»‹ báº£n ghi cá»§a ngÃ y hiá»‡n táº¡i
"
390,"- Yesterdayâ€‹: hiá»ƒn thá»‹ táº¥t cáº£ cÃ¡c báº£n ghi cá»§a ngÃ y hÃ´m trÆ°á»›c.
"
391,"- This weekâ€‹: hiá»ƒn thá»‹ táº¥t cáº£ cÃ¡c báº£n ghi cá»§a tuáº§n hiá»‡n táº¡i
"
392,"- Last weekâ€‹: hiá»ƒn thá»‹ táº¥t cáº£ cÃ¡c báº£n ghi cá»§a tuáº§n trÆ°á»›c
"
393,"- This monthâ€‹: hiá»ƒn thá»‹ táº¥t cáº£ cÃ¡c báº£n ghi trong thÃ¡ng hiá»‡n táº¡i
"
394,"- Last monthâ€‹: hiá»ƒn thá»‹ táº¥t cáº£ cÃ¡c báº£n ghi trong thÃ¡ng trÆ°á»›c
"
395,"- This Yearâ€‹: hiá»ƒn thá»‹ táº¥t cáº£ cÃ¡c báº£n ghi trong nÄƒm hiá»‡n táº¡i
"
396,"- Last Yearâ€‹: hiá»ƒn thá»‹ táº¥t cáº£ cÃ¡c báº£n ghi trong nÄƒm trÆ°á»›c
"
397,"Group Byâ€‹:
"
398,"- Employeesâ€‹: nhÃ³m cÃ¡c báº£n ghi theo employees
"
399,"- Departmentâ€‹: nhÃ³m cÃ¡c báº£n ghi theo Department
"
400,"- Monthâ€‹: nhÃ³m cÃ¡c báº£n ghi theo Month
"
401,"1.2. Leaves Request
"
402,"â— Leaves Request lÃ  menu quáº£n lÃ½ nghá»‰ phÃ©p cá»§a nhÃ¢n viÃªn
"
403,"- Employees Ä‘Æ°á»£c táº¡o request, xem, chá»‰nh sá»­a, xÃ³a request cá»§a mÃ¬nh (trÆ°á»›c khi submitted)
"
404,"â— Thao tÃ¡c
"
405,"1.2.1. Xem Request
"
406,"- Má»¥c Ä‘Ã­ch: tá»•ng há»£p danh sÃ¡ch cÃ¡c Ä‘Æ¡n nghá»‰ cá»§a nhÃ¢n viÃªn
"
407,"BÆ°á»›c 1. Truy cáº­p menu Working Timesheet >> Timesheet Data >> Leaves Request
"
408,"Filtersâ€‹:
"
409,"- My attendances: â€‹hiá»ƒn thá»‹ giá» check in, checkout cá»§a employee Ä‘Ã³
"
410,"- Today: â€‹hiá»ƒn thá»‹ báº£n ghi cá»§a ngÃ y hiá»‡n táº¡i
"
411,"- Yesterdayâ€‹: hiá»ƒn thá»‹ táº¥t cáº£ cÃ¡c báº£n ghi cá»§a ngÃ y hÃ´m trÆ°á»›c.
"
412,"- This weekâ€‹: hiá»ƒn thá»‹ táº¥t cáº£ cÃ¡c báº£n ghi cá»§a tuáº§n hiá»‡n táº¡i
"
413,"- Last weekâ€‹: hiá»ƒn thá»‹ táº¥t cáº£ cÃ¡c báº£n ghi cá»§a tuáº§n trÆ°á»›c
"
414,"- This monthâ€‹: hiá»ƒn thá»‹ táº¥t cáº£ cÃ¡c báº£n ghi trong thÃ¡ng hiá»‡n táº¡i
"
415,"- Last monthâ€‹: hiá»ƒn thá»‹ táº¥t cáº£ cÃ¡c báº£n ghi trong thÃ¡ng trÆ°á»›c
"
416,"- This Yearâ€‹: hiá»ƒn thá»‹ táº¥t cáº£ cÃ¡c báº£n ghi trong nÄƒm hiá»‡n táº¡i
"
417,"- Last Yearâ€‹: hiá»ƒn thá»‹ táº¥t cáº£ cÃ¡c báº£n ghi trong nÄƒm trÆ°á»›c
"
418,"Group Byâ€‹:
"
419,"- Employeesâ€‹: nhÃ³m cÃ¡c báº£n ghi theo employees
"
420,"- Departmentâ€‹: nhÃ³m cÃ¡c báº£n ghi theo Department
"
421,"- Monthâ€‹: nhÃ³m cÃ¡c báº£n ghi theo Month
"
422,"1.2. Leaves Request
"
423,"â— Leaves Request lÃ  menu quáº£n lÃ½ nghá»‰ phÃ©p cá»§a nhÃ¢n viÃªn
"
424,"- Employees Ä‘Æ°á»£c táº¡o request, xem, chá»‰nh sá»­a, xÃ³a request cá»§a mÃ¬nh (trÆ°á»›c khi submitted)
"
425,"â— Thao tÃ¡c
"
426,"1.2.1. Xem Request
"
427,"- Má»¥c Ä‘Ã­ch: tá»•ng há»£p danh sÃ¡ch cÃ¡c Ä‘Æ¡n nghá»‰ cá»§a nhÃ¢n viÃªn
"
428,"BÆ°á»›c 1. Truy cáº­p menu Working Timesheet >> Timesheet Data >> Leaves Request
"
429,"BÆ°á»›c 2. Báº¥m â€œCreateâ€
"
430,"BÆ°á»›c 3. Äiá»n thÃ´ng tin vÃ o form
"
431,"+ TrÆ°á»ng Employee : TÃªn nhÃ¢n viÃªn
"
432,"+ Department : Fill theo giÃ¡ trá»‹ cá»§a employee , read only
"
433,"+ Leave Type : Loáº¡i phÃ©p mÃ  nhÃ¢n viÃªn Ä‘ang cÃ³ trong quá»¹ phÃ©p
"
434,"+ From/To  : Thá»i gian xin nghá»‰
"
435,"+ Reason : LÃ½ do xin nghá»‰
"
436,"+ Hours Total : LÃ  tá»•ng sá»‘ giá» employee xin nghá»‰ tá»« From - To
"
437,"+ To Approver : NgÆ°á»i duyá»‡t Ä‘Æ¡n xin nghá»‰
"
438,"+ Cc : cc Ä‘á»‹a chá»‰ mail Ä‘Æ¡n xin nghá»‰
"
439,"+ Message : Ná»™i dung email
"
440,"BÆ°á»›c 4. Báº¥m â€œSaveâ€ Ä‘á»ƒ lÆ°u thÃ´ng tin
"
441,"BÆ°á»›c 5. â€œSubmitâ€ & gá»­i email
"
442,"Sau khi nháº¥n button [Submit & Send Email] request xin nghá»‰ sáº½ Ä‘Æ°á»£c gá»­i mail Ä‘áº¿n user trong trÆ°á»ng â€œTo Approverâ€ vÃ  â€œCcâ€
"
443,"Request Ä‘Ã£ [Submit & Send Email] khÃ´ng thá»ƒ edit
"
444,"1.2.3. Sá»­a Request
"
445,"Chá»‰ edit Ä‘Æ°á»£c nhá»¯ng request á»Ÿ tráº¡ng thÃ¡i Draft  
"
446,"BÆ°á»›c 1. Chá»n Request muá»‘n sá»­a á»Ÿ tráº¡ng thÃ¡i â€œDraftâ€
"
447,"BÆ°á»›c 2. Báº¥m  button â€œEditâ€ Ä‘á»ƒ sá»­a
"
448,"BÆ°á»›c 3. Edit thÃ´ng tin Request
"
449,"BÆ°á»›c 4. Báº¥m â€œSaveâ€ Ä‘á»ƒ lÆ°u thÃ´ng tin
"
450,"BÆ°á»›c 5. Báº¥m â€œSubmit & Send Emailâ€ khi Ä‘Ã£ cháº¯c cháº¯n muá»‘n ná»™p
"
451,"1.3. Work From Home Timesheet
"
452,"â— Work From Home (WFH) Timesheet lÃ  menu quáº£n lÃ½ thá»i gian lÃ m viá»‡c online/remote cá»§a nhÃ¢n viÃªn
"
453,"- Employees Ä‘Æ°á»£c táº¡o WFH, xem, chá»‰nh sá»­a cá»§a mÃ¬nh (trÆ°á»›c khi submitted)
"
454,"- Manager duyá»‡t WFH cá»§a member  bá»™ pháº­n mÃ¬nh quáº£n lÃ½
"
455,"- Chá»‰ cÃ¡c báº£n ghi WFH Ä‘Æ°á»£c duyá»‡t má»›i Ä‘Æ°á»£c tÃ­nh cÃ´ng
"
456,"â— Thao tÃ¡c
"
457,"1.3.1. Xem WFH Timesheet
"
458,"Má»¥c Ä‘Ã­ch: tá»•ng há»£p danh sÃ¡ch cÃ¡c báº£n ghi WFH
"
459,"BÆ°á»›c 1. Truy cáº­p menu Working Timesheet >> Timesheet Data >>  WFH Timesheet
"
460,"BÆ°á»›c 2. MÃ n hÃ¬nh máº·c Ä‘á»‹nh hiá»ƒn thá»‹ WFH Timesheet Today cá»§a user, ngÆ°á»i dÃ¹ng cÃ³ thá»ƒ xem nhanh cÃ¡c thÃ´ng tin:
"
461,"â—‹ Project
"
462,"â—‹ Employee
"
463,"â—‹ Timesheet Date
"
464,"â—‹ Hours
"
465,"â—‹ Description
"
466,"â—‹ Managerâ€™s Comment
"
467,"â—‹ Confirm by
"
468,"â—‹ Status
"
469,"BÆ°á»›c 3. Há»‡ thá»‘ng há»— trá»£ má»™t sá»‘ filters, group by táº¡o sáºµn nháº±m giÃºp ngÆ°á»i dÃ¹ng lá»c dá»¯ liá»‡u theo Ã½ muá»‘n
"
470,"1.3.2. Táº¡o WFH Timesheet
"
471,"BÆ°á»›c 1. Truy cáº­p menu Working Timesheet >> Timesheet Data >> WFH Timesheet
"
472,"BÆ°á»›c 2. Báº¥m â€œCreateâ€
"
473,"+ Timesheet Date : NgÃ y lÃ m viá»‡c work from home
"
474,"Note: Chá»‰ log cho quÃ¡ khá»© hoáº·c hiá»‡n táº¡i, khÃ´ng log Ä‘Æ°á»£c cho tÆ°Æ¡ng lai
"
475,"+ Hours : Sá»‘ giá» lÃ m viá»‡c work from home
"
476,"Note: Sá»‘ giá» pháº£i lá»›n hÆ¡n 0 vÃ  nhá» hÆ¡n hoáº·c báº±ng 8
"
477,"+ Project : Dá»± Ã¡n Ä‘ang lÃ m
"
478,"+ Description : mÃ´ táº£ chi tiáº¿t cÃ¡c task lÃ m viá»‡c work from home
"
479,"BÆ°á»›c 4. Báº¥m â€œSaveâ€ Ä‘á»ƒ lÆ°u thÃ´ng tin
"
480,"BÆ°á»›c 5. Báº¥m â€œSubmitâ€ Ä‘á»ƒ ná»™p báº£n ghi
"
481,"Báº£n ghi WFH Ä‘Ã£ [Submit] khÃ´ng thá»ƒ edit
"
482,"1.3.3. Sá»­a WFH Timesheet
"
483,"Chá»‰ edit Ä‘Æ°á»£c nhá»¯ng báº£n ghi á»Ÿ tráº¡ng thÃ¡i Draft  
"
484,"BÆ°á»›c 1. Chá»n báº£n ghi WFH muá»‘n sá»­a á»Ÿ tráº¡ng thÃ¡i â€œDraftâ€
"
485,"BÆ°á»›c 2. Báº¥m  button â€œEditâ€ Ä‘á»ƒ sá»­a
"
486,"BÆ°á»›c 3. Edit thÃ´ng tin
"
487,"BÆ°á»›c 4. Báº¥m â€œSaveâ€ Ä‘á»ƒ lÆ°u thÃ´ng tin
"
488,"BÆ°á»›c 5. Báº¥m â€œSubmitâ€ khi Ä‘Ã£ cháº¯c cháº¯n muá»‘n ná»™p
"
489,"2. To do - Leaves to Approve
"
490,"â— To do - Leaves to Approve lÃ  menu há»— trá»£ viá»‡c Approve/Reject nhá»¯ng request Ä‘Æ°á»£c assign bá»Ÿi trÆ°á»ng To Approve
"
491,"â— Thao tÃ¡c
"
492,"2.1. Approved request
"
493,"BÆ°á»›c 1. VÃ o menu Working Timesheet >> To Do >> Leaves to Approve
"
494,"BÆ°á»›c 2. Chá»n Request á»Ÿ tráº¡ng thÃ¡i â€œSubmittedâ€
"
495,"BÆ°á»›c 3. Báº¥m button â€œApproveâ€
"
496,"BÆ°á»›c 4. Hiá»ƒn thá»‹ mÃ n hÃ¬nh Confirmation Approve, nháº­p pháº£n há»“i á»Ÿ trÆ°á»ng thÃ´ng tin Comment
"
497,"I. Giá»›i thiá»‡u chung
"
498,"â—  Working timesheet lÃ  module Ä‘Æ°á»£c phÃ¡t triá»ƒn phá»¥c vá»¥ cho cÃ¡c hoáº¡t Ä‘á»™ng liÃªn quan tá»›i hoáº¡t Ä‘á»™ng báº£ng cháº¥m cÃ´ng cá»§a nhÃ¢n viÃªn.
"
499,"â—  TÃ i liá»‡u nÃ y Ä‘Æ°á»£c táº¡o ra Ä‘á»ƒ hÆ°á»›ng dáº«n ngÆ°á»i dÃ¹ng cÃ¡c thao tÃ¡c cáº§n thiáº¿t khi sá»­ dá»¥ng chá»©c nÄƒng nÃ y trÃªn pháº§n má»m.
"
500,"â—  CÃ¡c tÃ­nh nÄƒng trÃªn pháº§n má»m sáº½ Ä‘Æ°á»£c phÃ¢n quyá»n thao tÃ¡c tÆ°Æ¡ng á»©ng vá»›i vá»‹ trÃ­ cÃ´ng viá»‡c cá»§a má»—i ngÆ°á»i sá»­ dá»¥ng.
"
501,"II. HÆ°á»›ng dáº«n sá»­ dá»¥ng
"
502,"1. Timesheet Data
"
503,"1.1. Attendances
"
504,"â— Attendance â€‹lÃ  menu quáº£n lÃ½ giá» check in, giá» checkout
"
505,"- User Member chá»‰ xem Ä‘Æ°á»£c giá» checkin, checkout cá»§a chÃ­nh mÃ¬nh
"
506,"- User Manager xem Ä‘Æ°á»£c giá» checkin, checkout cá»§a chÃ­nh mÃ¬nh vÃ  member mÃ¬nh quáº£n lÃ½
"
507,"â— Thao tÃ¡c
"
508,"VÃ o menu Working Timesheet >> Timesheet Data >> Attendances
"
509,"- Hiá»ƒn thá»‹ mÃ n hÃ¬nh My Attendance: danh sÃ¡ch giá» check in, giá» checkout cá»§a user
"
510,"WT1.png
"
511,"- Há»‡ thá»‘ng há»— trá»£ má»™t sá»‘ filters, group by táº¡o sáºµn nháº±m giÃºp ngÆ°á»i dÃ¹ng lá»c dá»¯ liá»‡u theo Ã½ muá»‘n:
"
512,"WT2.png
"
513,"WT3.png
"
514,"Filtersâ€‹:
"
515,"- My attendances: â€‹hiá»ƒn thá»‹ giá» check in, checkout cá»§a employee Ä‘Ã³
"
516,"- Today: â€‹hiá»ƒn thá»‹ báº£n ghi cá»§a ngÃ y hiá»‡n táº¡i
"
517,"- Yesterdayâ€‹: hiá»ƒn thá»‹ táº¥t cáº£ cÃ¡c báº£n ghi cá»§a ngÃ y hÃ´m trÆ°á»›c.
"
518,"- This weekâ€‹: hiá»ƒn thá»‹ táº¥t cáº£ cÃ¡c báº£n ghi cá»§a tuáº§n hiá»‡n táº¡i
"
519,"- Last weekâ€‹: hiá»ƒn thá»‹ táº¥t cáº£ cÃ¡c báº£n ghi cá»§a tuáº§n trÆ°á»›c
"
520,"- This monthâ€‹: hiá»ƒn thá»‹ táº¥t cáº£ cÃ¡c báº£n ghi trong thÃ¡ng hiá»‡n táº¡i
"
521,"- Last monthâ€‹: hiá»ƒn thá»‹ táº¥t cáº£ cÃ¡c báº£n ghi trong thÃ¡ng trÆ°á»›c
"
522,"- This Yearâ€‹: hiá»ƒn thá»‹ táº¥t cáº£ cÃ¡c báº£n ghi trong nÄƒm hiá»‡n táº¡i
"
523,"- Last Yearâ€‹: hiá»ƒn thá»‹ táº¥t cáº£ cÃ¡c báº£n ghi trong nÄƒm trÆ°á»›c
"
524,"Group Byâ€‹:
"
525,"- Employeesâ€‹: nhÃ³m cÃ¡c báº£n ghi theo employees
"
526,"- Departmentâ€‹: nhÃ³m cÃ¡c báº£n ghi theo Department
"
527,"- Monthâ€‹: nhÃ³m cÃ¡c báº£n ghi theo Month
"
528,"1.2. Leaves Request
"
529,"â— Leaves Request lÃ  menu quáº£n lÃ½ nghá»‰ phÃ©p cá»§a nhÃ¢n viÃªn
"
530,"- Employees Ä‘Æ°á»£c táº¡o request, xem, chá»‰nh sá»­a, xÃ³a request cá»§a mÃ¬nh (trÆ°á»›c khi submitted)
"
531,"â— Thao tÃ¡c
"
532,"1.2.1. Xem Request
"
533,"- Má»¥c Ä‘Ã­ch: tá»•ng há»£p danh sÃ¡ch cÃ¡c Ä‘Æ¡n nghá»‰ cá»§a nhÃ¢n viÃªn
"
534,"BÆ°á»›c 1. Truy cáº­p menu Working Timesheet >> Timesheet Data >> Leaves Request
"
535,"Wt5.png
"
536,"BÆ°á»›c 2. TrÃªn Treeview, ngÆ°á»i dÃ¹ng cÃ³ thá»ƒ xem nhanh cÃ¡c thÃ´ng tin:
"
537,"â—‹ Employee
"
538,"â—‹ Department
"
539,"â—‹ Leaves Type
"
540,"â—‹ From
"
541,"â—‹ To
"
542,"â—‹ Hours Total
"
543,"â—‹ Reason
"
544,"â—‹ Status
"
545,"1.2.2. Táº¡o Request
"
546,"- Má»¥c Ä‘Ã­ch: táº¡o Ä‘Æ¡n xin nghá»‰
"
547,"BÆ°á»›c 1. Truy cáº­p menu Working Timesheet >> Timesheet Data >> Leaves Request
"
548,"BÆ°á»›c 2. Báº¥m â€œCreateâ€
"
549,"Wt6.png
"
550,"BÆ°á»›c 3. Äiá»n thÃ´ng tin vÃ o form
"
551,"Wt7.png
"
552,"+ TrÆ°á»ng Employee : TÃªn nhÃ¢n viÃªn
"
553,"+ Department : Fill theo giÃ¡ trá»‹ cá»§a employee , read only
"
554,"+ Leave Type : Loáº¡i phÃ©p mÃ  nhÃ¢n viÃªn Ä‘ang cÃ³ trong quá»¹ phÃ©p
"
555,"+ From/To  : Thá»i gian xin nghá»‰
"
556,"+ Reason : LÃ½ do xin nghá»‰
"
557,"+ Hours Total : LÃ  tá»•ng sá»‘ giá» employee xin nghá»‰ tá»« From - To
"
558,"+ To Approver : NgÆ°á»i duyá»‡t Ä‘Æ¡n xin nghá»‰
"
559,"+ Cc : cc Ä‘á»‹a chá»‰ mail Ä‘Æ¡n xin nghá»‰
"
560,"+ Message : Ná»™i dung email
"
561,"BÆ°á»›c 4. Báº¥m â€œSaveâ€ Ä‘á»ƒ lÆ°u thÃ´ng tin
"
562,"BÆ°á»›c 5. â€œSubmitâ€ & gá»­i email
"
563,"Sau khi nháº¥n button [Submit & Send Email] request xin nghá»‰ sáº½ Ä‘Æ°á»£c gá»­i mail Ä‘áº¿n user trong trÆ°á»ng â€œTo Approverâ€ vÃ  â€œCcâ€
"
564,"Request Ä‘Ã£ [Submit & Send Email] khÃ´ng thá»ƒ edit
"
565,"1.2.3. Sá»­a Request
"
566,"Chá»‰ edit Ä‘Æ°á»£c nhá»¯ng request á»Ÿ tráº¡ng thÃ¡i Draft  
"
567,"BÆ°á»›c 1. Chá»n Request muá»‘n sá»­a á»Ÿ tráº¡ng thÃ¡i â€œDraftâ€
"
568,"Wt8.png
"
569,"BÆ°á»›c 2. Báº¥m  button â€œEditâ€ Ä‘á»ƒ sá»­a
"
570,"Wt9.png
"
571,"BÆ°á»›c 3. Edit thÃ´ng tin Request
"
572,"BÆ°á»›c 4. Báº¥m â€œSaveâ€ Ä‘á»ƒ lÆ°u thÃ´ng tin
"
573,"BÆ°á»›c 5. Báº¥m â€œSubmit & Send Emailâ€ khi Ä‘Ã£ cháº¯c cháº¯n muá»‘n ná»™p
"
574,"1.3. Work From Home Timesheet
"
575,"â— Work From Home (WFH) Timesheet lÃ  menu quáº£n lÃ½ thá»i gian lÃ m viá»‡c online/remote cá»§a nhÃ¢n viÃªn
"
576,"- Employees Ä‘Æ°á»£c táº¡o WFH, xem, chá»‰nh sá»­a cá»§a mÃ¬nh (trÆ°á»›c khi submitted)
"
577,"- Manager duyá»‡t WFH cá»§a member  bá»™ pháº­n mÃ¬nh quáº£n lÃ½
"
578,"- Chá»‰ cÃ¡c báº£n ghi WFH Ä‘Æ°á»£c duyá»‡t má»›i Ä‘Æ°á»£c tÃ­nh cÃ´ng
"
579,"â— Thao tÃ¡c
"
580,"1.3.1. Xem WFH Timesheet
"
581,"Má»¥c Ä‘Ã­ch: tá»•ng há»£p danh sÃ¡ch cÃ¡c báº£n ghi WFH
"
582,"BÆ°á»›c 1. Truy cáº­p menu Working Timesheet >> Timesheet Data >>  WFH Timesheet
"
583,"Image1.png
"
584,"BÆ°á»›c 2. MÃ n hÃ¬nh máº·c Ä‘á»‹nh hiá»ƒn thá»‹ WFH Timesheet Today cá»§a user, ngÆ°á»i dÃ¹ng cÃ³ thá»ƒ xem nhanh cÃ¡c thÃ´ng tin:
"
585,"â—‹ Project
"
586,"â—‹ Employee
"
587,"â—‹ Timesheet Date
"
588,"â—‹ Hours
"
589,"â—‹ Description
"
590,"â—‹ Managerâ€™s Comment
"
591,"â—‹ Confirm by
"
592,"â—‹ Status
"
593,"BÆ°á»›c 3. Há»‡ thá»‘ng há»— trá»£ má»™t sá»‘ filters, group by táº¡o sáºµn nháº±m giÃºp ngÆ°á»i dÃ¹ng lá»c dá»¯ liá»‡u theo Ã½ muá»‘n
"
594,"WT10.png
"
595,"1.3.2. Táº¡o WFH Timesheet
"
596,"BÆ°á»›c 1. Truy cáº­p menu Working Timesheet >> Timesheet Data >> WFH Timesheet
"
597,"BÆ°á»›c 2. Báº¥m â€œCreateâ€
"
598,"WT11.png
"
599,"WT12.png
"
600,"+ Timesheet Date : NgÃ y lÃ m viá»‡c work from home
"
601,"Note: Chá»‰ log cho quÃ¡ khá»© hoáº·c hiá»‡n táº¡i, khÃ´ng log Ä‘Æ°á»£c cho tÆ°Æ¡ng lai
"
602,"+ Hours : Sá»‘ giá» lÃ m viá»‡c work from home
"
603,"Note: Sá»‘ giá» pháº£i lá»›n hÆ¡n 0 vÃ  nhá» hÆ¡n hoáº·c báº±ng 8
"
604,"+ Project : Dá»± Ã¡n Ä‘ang lÃ m
"
605,"+ Description : mÃ´ táº£ chi tiáº¿t cÃ¡c task lÃ m viá»‡c work from home
"
606,"BÆ°á»›c 4. Báº¥m â€œSaveâ€ Ä‘á»ƒ lÆ°u thÃ´ng tin
"
607,"BÆ°á»›c 5. Báº¥m â€œSubmitâ€ Ä‘á»ƒ ná»™p báº£n ghi
"
608,"Báº£n ghi WFH Ä‘Ã£ [Submit] khÃ´ng thá»ƒ edit
"
609,"1.3.3. Sá»­a WFH Timesheet
"
610,"Chá»‰ edit Ä‘Æ°á»£c nhá»¯ng báº£n ghi á»Ÿ tráº¡ng thÃ¡i Draft  
"
611,"BÆ°á»›c 1. Chá»n báº£n ghi WFH muá»‘n sá»­a á»Ÿ tráº¡ng thÃ¡i â€œDraftâ€
"
612,"BÆ°á»›c 2. Báº¥m  button â€œEditâ€ Ä‘á»ƒ sá»­a
"
613,"BÆ°á»›c 3. Edit thÃ´ng tin
"
614,"BÆ°á»›c 4. Báº¥m â€œSaveâ€ Ä‘á»ƒ lÆ°u thÃ´ng tin
"
615,"BÆ°á»›c 5. Báº¥m â€œSubmitâ€ khi Ä‘Ã£ cháº¯c cháº¯n muá»‘n ná»™p
"
616,"2. To do - Leaves to Approve
"
617,"â— To do - Leaves to Approve lÃ  menu há»— trá»£ viá»‡c Approve/Reject nhá»¯ng request Ä‘Æ°á»£c assign bá»Ÿi trÆ°á»ng To Approve
"
618,"â— Thao tÃ¡c
"
619,"2.1. Approved request
"
620,"BÆ°á»›c 1. VÃ o menu Working Timesheet >> To Do >> Leaves to Approve
"
621,"WT13.png
"
622,"BÆ°á»›c 2. Chá»n Request á»Ÿ tráº¡ng thÃ¡i â€œSubmittedâ€
"
623,"BÆ°á»›c 3. Báº¥m button â€œApproveâ€
"
624,"BÆ°á»›c 4. Hiá»ƒn thá»‹ mÃ n hÃ¬nh Confirmation Approve, nháº­p pháº£n há»“i á»Ÿ trÆ°á»ng thÃ´ng tin Comment
"
625,"BÆ°á»›c 5. Báº¥m button â€œOKâ€ , hiá»ƒn thá»‹ status â€œApprovedâ€
"
626,"BÆ°á»›c 6. Há»‡ thá»‘ng sáº½ gá»­i mail pháº£n há»“i request xin nghá»‰ tÆ°Æ¡ng á»©ng
"
627,"2.2. Reject request
"
628,"BÆ°á»›c 1. VÃ o menu Working Timesheet >> To Do >> Leaves to Approve
"
629,"BÆ°á»›c 2. Chá»n Request á»Ÿ tráº¡ng thÃ¡i â€œSubmittedâ€
"
630,"BÆ°á»›c 3. Báº¥m button â€œRejectâ€
"
631,"BÆ°á»›c 4. Hiá»ƒn thá»‹ mÃ n hÃ¬nh Confirmation Approve, nháº­p pháº£n há»“i á»Ÿ trÆ°á»ng thÃ´ng tin Comment
"
632,"BÆ°á»›c 5. Báº¥m button â€œOKâ€ , hiá»ƒn thá»‹ status â€œRejectâ€
"
633,"BÆ°á»›c 6. Há»‡ thá»‘ng sáº½ gá»­i mail pháº£n há»“i request xin nghá»‰ tÆ°Æ¡ng á»©ng
"
634,"3. Report - Working Timesheet
"
635,"â— Report - Working Timesheet lÃ  menu hiá»ƒn thá»‹ báº£ng cÃ´ng tá»•ng theo thÃ¡ng cá»§a nhÃ¢n viÃªn
"
636,"â— Thao tÃ¡c
"
637,"BÆ°á»›c 1. Truy cáº­p menu Working Timesheet >> Report >> Working Timesheet
"
638,"BÆ°á»›c 2. MÃ n hÃ¬nh máº·c Ä‘á»‹nh hiá»ƒn thá»‹ Timesheet by Month cá»§a user, ngÆ°á»i dÃ¹ng cÃ³ thá»ƒ xem nhanh cÃ¡c thÃ´ng tin:
"
639,"â—‹ Employee Code
"
640,"â—‹ Employee
"
641,"â—‹ Department
"
642,"â—‹ From
"
643,"â—‹ To
"
644,"â—‹ Standard : CÃ´ng chuáº©n cá»§a thÃ¡ng
"
645,"â—‹ Working : CÃ´ng lÃ m viá»‡c thá»±c táº¿
"
646,"â—‹ Overtime : Sá»‘ giá» OT chÆ°a nhÃ¢n há»‡ sá»‘
"
647,"â—‹ Payroll OT : Sá»‘ giá» OT Ä‘Ã£ nhÃ¢n há»‡ sá»‘
"
648,"â—‹ Payroll Working : Giá» cÃ´ng thá»±c nháº­n  = Working + Payroll OT
"
649,"â—‹ Late/Early Block
"
650,"â—‹ Leaves in Month : Sá»‘ ngÃ y nghá»‰ phÃ©p trong thÃ¡ng
"
651,"â—‹ Remaining Leaves : Sá»‘ ngÃ y phÃ©p cÃ²n kháº£ dá»¥ng
"
652,"â—‹ Email Sent
"
653,"BÆ°á»›c 3. Há»‡ thá»‘ng há»— trá»£ má»™t sá»‘ filters, group by táº¡o sáºµn nháº±m giÃºp ngÆ°á»i dÃ¹ng lá»c dá»¯ liá»‡u theo Ã½ muá»‘n
"
654,"4. Master Data
"
655,"4.1. Working Calendar
"
656,"â— Working Calendar lÃ  menu hiá»ƒn thá»‹ khung thá»i gian lÃ m viá»‡c cá»§a nhÃ¢n viÃªn
"
657,"- ToÃ n thá»ƒ nhÃ¢n viÃªn cÃ³ khung thá»i gian lÃ m viá»‡c máº·c Ä‘á»‹nh tá»« 8h ~ 17h30
"
658,"- Má»™t sá»‘ trÆ°á»ng há»£p cÃ³ khung thá»i gian lÃ m viá»‡c khÃ¡c vá»›i máº·c Ä‘á»‹nh nhÆ°: nhÃ¢n viÃªn ná»¯ hÆ°á»Ÿng cháº¿ Ä‘á»™ ngÃ y lÃ m viá»‡c 7 tiáº¿ng khi nuÃ´i con nhá» dÆ°á»›i
"
659,"12 thÃ¡ng,....
"
660,"â— Thao tÃ¡c
"
661,"BÆ°á»›c 1. Truy cáº­p menu Working Timesheet >> Master Data  >> Working Calendar
"
662,"BÆ°á»›c 2. MÃ n hÃ¬nh máº·c Ä‘á»‹nh hiá»ƒn thá»‹ My Working Calendar cá»§a user
"
663,"4.2. Leaves Summary
"
664,"â— Leaves Summary lÃ  menu cho phÃ©p xem thÃ´ng tin quá»¹ phÃ©p theo tá»«ng loáº¡i nghá»‰ phÃ©p cá»§a nhÃ¢n viÃªn
"
665,"- Theo cháº¿ Ä‘á»™ cá»§a cÃ´ng ty, trÃªn há»‡ thá»‘ng cÃ³ cÃ¡c loáº¡i phÃ©p sau:
"
666,"- Note: Táº¥t cáº£ Employee máº·c Ä‘á»‹nh cÃ³ 2 loáº¡i phÃ©p: Nghá»‰ phÃ©p nÄƒm vÃ  Nghá»‰ khÃ´ng lÆ°Æ¡ng.
"
667,"CÃ¡c loáº¡i phÃ©p cÃ²n láº¡i: Nghá»‰ vá»£ sinh, Nghá»‰ cÆ°á»›i, Nghá»‰ vÃ¬ viá»‡c gia Ä‘Ã¬nh, Nghá»‰ khÃ¡m thai lÃ  loáº¡i phÃ©p Ä‘áº·c biá»‡t chá»‰ sá»­ dá»¥ng trong 1 thá»i Ä‘iá»ƒm nháº¥t Ä‘á»‹nh
"
668,"nÃªn trÆ°á»›c thá»i gian nghá»‰ Employee vui lÃ²ng thÃ´ng bÃ¡o vá»›i bá»™ pháº­n Admin Ä‘á»ƒ Ä‘Æ°á»£c táº¡o Leaves Summary tÆ°Æ¡ng á»©ng.
"
669,"â— Thao tÃ¡c
"
670,"BÆ°á»›c 1. Truy cáº­p menu Working Timesheet >> Master Data  >> Leaves Summary
"
671,"BÆ°á»›c 2. TrÃªn Treeview, ngÆ°á»i dÃ¹ng cÃ³ thá»ƒ xem nhanh cÃ¡c thÃ´ng tin:
"
672,"â—‹ Employee
"
673,"â—‹ Role
"
674,"â—‹ Department
"
675,"â—‹ Year: nÄƒm cá»§a loáº¡i nghá»‰ phÃ©p
"
676,"â—‹ Leave type: loáº¡i nghá»‰ phÃ©p
"
677,"â—‹ Max Leaves: sá»‘ ngÃ y nghá»‰ tá»‘i Ä‘a
"
678,"â—‹ Leave Taken: Sá»‘ ngÃ y phÃ©p Ä‘Ã£ nghá»‰
"
679,"â—‹ Remaining Leaves: Sá»‘ ngÃ y phÃ©p cÃ²n láº¡i
"
680,"BÆ°á»›c 3. Trong tá»«ng báº£n ghi Leave Summary, ngÆ°á»i dÃ¹ng cÃ³ thá»ƒ xem thÃªm thÃ´ng tin chi tiáº¿t cÃ¡c ngÃ y Ä‘Ã£ nghá»‰ tÆ°Æ¡ng á»©ng vá»›i loáº¡i tá»«ng loáº¡i nghá»‰ phÃ©p
"
681,"Lá»‹ch nghá»‰ Lá»… nÄƒm 2022
"
682,"I. HBLAB Viá»‡t Nam
"
683,"NÄƒm 2022 ngÆ°á»i lao Ä‘á»™ng táº¡i Viá»‡t Nam sáº½ Ä‘Æ°á»£c nghá»‰ cÃ¡c ngÃ y lá»…, Táº¿t sau:
"
684,"- Táº¿t DÆ°Æ¡ng lá»‹ch: 03 ngÃ y;
"
685,"- Táº¿t Ã‚m lá»‹ch: 09 ngÃ y;
"
686,"- NgÃ y Giá»— Tá»• HÃ¹ng VÆ°Æ¡ng: 03 ngÃ y;
"
687,"- NgÃ y Giáº£i phÃ³ng miá»n Nam vÃ  Quá»‘c táº¿ Lao Ä‘á»™ng: 04 ngÃ y;
"
688,"- Quá»‘c khÃ¡nh: 04 ngÃ y;
"
689,"Do Ä‘Ã³, nÄƒm 2022, ngÆ°á»i lao Ä‘á»™ng cÃ³ cháº¿ Ä‘á»™ lÃ m viá»‡c nghá»‰ thá»© báº£y, chá»§ nháº­t hÃ ng tuáº§n sáº½ cÃ³ táº¥t cáº£ 23 ngÃ y nghá»‰ lá»…, Táº¿t. Cá»¥ thá»ƒ nhÆ° sau:
"
690,"1. Táº¿t DÆ°Æ¡ng lá»‹ch 2022 - 03 ngÃ y
"
691,"Táº¿t DÆ°Æ¡ng lá»‹ch nÄƒm 2022 (ngÃ y 01/01/2022) rÆ¡i vÃ o thá»© Báº£y, tiáº¿p Ä‘Ã³ lÃ  ngÃ y nghá»‰ Chá»§ nháº­t. VÃ¬ váº­y, ngÆ°á»i lao Ä‘á»™ng cÃ³ cháº¿ Ä‘á»™ nghá»‰ 2 ngÃ y/tuáº§n (nghá»‰ thá»© Báº£y vÃ  Chá»§ nháº­t hÃ ng tuáº§n) sáº½ Ä‘Æ°á»£c nghá»‰ 3 ngÃ y, tá»« 01/01/2022 Ä‘áº¿n háº¿t ngÃ y 03/01/2022.
"
692,"2. Táº¿t Ã‚m lá»‹ch 2022 - 09 ngÃ y
"
693,"Táº¿t Ã‚m lá»‹ch NhÃ¢m Dáº§n tá»« ngÃ y 29/01/2022 Ä‘áº¿n háº¿t ngÃ y 06/02/2022. NhÆ° váº­y, ngÆ°á»i lao Ä‘á»™ng Ä‘Æ°á»£c nghá»‰ liÃªn tá»¥c 09 ngÃ y, tá»« thá»© Báº£y (ngÃ y 29/01/2022 - 27 thÃ¡ng Cháº¡p nÄƒm TÃ¢n Sá»­u) Ä‘áº¿n háº¿t ngÃ y chá»§ nháº­t (ngÃ y 06/02/2022 - MÃ¹ng 6 thÃ¡ng GiÃªng nÄƒm NhÃ¢m Dáº§n).
"
694,"3. Giá»— tá»• HÃ¹ng VÆ°Æ¡ng - 03 ngÃ y
"
695,"Dá»‹p giá»— tá»• HÃ¹ng VÆ°Æ¡ng (10/03 Ã‚m lá»‹ch) nÄƒm 2022 rÆ¡i vÃ o ngÃ y Chá»§ nháº­t, 10/04/2022 DÆ°Æ¡ng lá»‹ch. Do Ä‘Ã³, ngÆ°á»i lao Ä‘á»™ng sáº½ Ä‘Æ°á»£c nghá»‰ bÃ¹ vÃ o ngÃ y thá»© Hai, 11/04/2022
"
696,"4. NgÃ y Giáº£i phÃ³ng miá»n Nam vÃ  Quá»‘c táº¿ Lao Ä‘á»™ng (30/4 - 1/5) - 04 ngÃ y
"
697,"NÄƒm 2022, ngÃ y Giáº£i phÃ³ng miá»n Nam (30/4) vÃ  ngÃ y Quá»‘c táº¿ lao Ä‘á»™ng (01/5) rÆ¡i vÃ o thá»© Báº£y vÃ  Chá»§ Nháº­t nÃªn ngÆ°á»i lao Ä‘á»™ng sáº½ Ä‘Æ°á»£c nghá»‰ bÃ¹ ngÃ y thá»© Hai vÃ  thá»© Ba cá»§a tuáº§n tiáº¿p theo.
"
698,"NhÆ° váº­y, trong dá»‹p lá»… nÃ y, ngÆ°á»i lao Ä‘á»™ng sáº½ Ä‘Æ°á»£c nghá»‰ 04 ngÃ y liÃªn tiáº¿p tá»« ngÃ y 30/04/2022 Ä‘áº¿n háº¿t ngÃ y 03/05/2022.
"
699,"5. NgÃ y Quá»‘c khÃ¡nh (02/9)
"
700,"PhÆ°Æ¡ng Ã¡n nghá»‰ lá»… Quá»‘c khÃ¡nh tá»« ngÃ y 01/09/2022 Ä‘áº¿n háº¿t ngÃ y 04/09/2022. NhÆ° váº­y, ngÆ°á»i lao Ä‘á»™ng sáº½ Ä‘Æ°á»£c nghá»‰ liÃªn tá»¥c 04 ngÃ y.
"
701,"Lá»‹ch nghá»‰ Lá»… nÄƒm 2023
"
702,"I. HBLAB Viá»‡t Nam
"
703,"NÄƒm 2023 ngÆ°á»i lao Ä‘á»™ng táº¡i Viá»‡t Nam sáº½ Ä‘Æ°á»£c nghá»‰ cÃ¡c ngÃ y lá»…, Táº¿t sau:
"
704,"- Táº¿t DÆ°Æ¡ng lá»‹ch: 02 ngÃ y;
"
705,"- Táº¿t Ã‚m lá»‹ch: 10 ngÃ y;
"
706,"- Giá»— Tá»• HÃ¹ng VÆ°Æ¡ng (10/3 Ã‚m lá»‹ch) vÃ  NgÃ y 30/4 - Quá»‘c táº¿ lao Ä‘á»™ng 1/5 liá»n ká» nhau: 05 ngÃ y
"
707,"- NgÃ y Quá»‘c khÃ¡nh: 04 ngÃ y;
"
708,"Do Ä‘Ã³, nÄƒm 2023, ngÆ°á»i lao Ä‘á»™ng cÃ³ cháº¿ Ä‘á»™ lÃ m viá»‡c nghá»‰ thá»© Báº£y, Chá»§ nháº­t hÃ ng tuáº§n sáº½ cÃ³ táº¥t cáº£ 21 ngÃ y nghá»‰ lá»…, Táº¿t. Cá»¥ thá»ƒ nhÆ° sau:
"
709,"1. Táº¿t DÆ°Æ¡ng lá»‹ch 2023 - 02 ngÃ y
"
710,"Táº¿t DÆ°Æ¡ng lá»‹ch nÄƒm 2023 (ngÃ y 01/01/2023) rÆ¡i vÃ o chá»§ Nháº­t. VÃ¬ váº­y, CBNV sáº½ Ä‘Æ°á»£c nghá»‰ bÃ¹ 1 ngÃ y vÃ o thá»© Hai káº¿ tiáº¿p, tá»« 01/01/2023 Ä‘áº¿n háº¿t ngÃ y 02/01/2023.
"
711,"2. Táº¿t Ã‚m lá»‹ch 2023 - 10 ngÃ y
"
712,"Táº¿t Ã‚m lá»‹ch QuÃ½ MÃ£o tá»« ngÃ y 20/01/2023 Ä‘áº¿n háº¿t ngÃ y 26/01/2023. Tuy nhiÃªn, Ä‘á»ƒ táº¡o Ä‘iá»u kiá»‡n cho CBNV Ä‘Æ°á»£c nghá»‰ dá»‹p Táº¿t bÃªn gia Ä‘Ã¬nh Ä‘Æ°á»£c liá»n máº¡ch, nÃªn CBNV sáº½ lÃ m bÃ¹ cho ngÃ y 27/01/2023 vÃ o ngÃ y thá»© Báº£y Ä‘áº§u tiÃªn cá»§a thÃ¡ng Má»™t, tá»©c ngÃ y thá»© Báº£y, 07/01/2023. VÃ¬ váº­y, CBNV sáº½ Ä‘Æ°á»£c nghá»‰ liÃªn tá»¥c 10 ngÃ y, tá»« thá»© SÃ¡u (ngÃ y 20/01/2023 â€“ 29 thÃ¡ng Cháº¡p nÄƒm NhÃ¢m Dáº§n ) Ä‘áº¿n háº¿t ngÃ y Chá»§ nháº­t (ngÃ y 29/01/2023 - MÃ¹ng 8 thÃ¡ng GiÃªng nÄƒm Quá»¹ MÃ£o).
"
713,"3. Giá»— tá»• HÃ¹ng VÆ°Æ¡ng vÃ  NgÃ y Giáº£i phÃ³ng miá»n Nam vÃ  Quá»‘c táº¿ Lao Ä‘á»™ng (30/4 - 1/5) â€“ 05 ngÃ y
"
714,"Dá»‹p Giá»— tá»• HÃ¹ng VÆ°Æ¡ng (10/03 Ã‚m lá»‹ch) vÃ  dá»‹p 30/4 - Quá»‘c táº¿ Lao Ä‘á»™ng 1/5 liá»n ká» nhau, rÆ¡i vÃ o cuá»‘i tuáº§n tá»« ngÃ y thá»© Báº£y, 29/04/2023. VÃ¬ váº­y, CBNV sáº½ Ä‘Æ°á»£c nghá»‰ bÃ¹ vÃ o ngÃ y lÃ m viá»‡c cá»§a tuáº§n káº¿ tiáº¿p. Ká»³ nghá»‰ sáº½ kÃ©o dÃ i 05 ngÃ y, tá»« ngÃ y thá»© Báº£y, 29/04/2023 Ä‘áº¿n háº¿t ngÃ y thá»© TÆ°, 03/05/2023
"
715,"4. NgÃ y Quá»‘c khÃ¡nh (02/09)
"
716,"Nghá»‰ lá»… Quá»‘c khÃ¡nh tá»« thá»© SÃ¡u, ngÃ y 01/09/2023 Ä‘áº¿n háº¿t ngÃ y 04/09/2023. NhÆ° váº­y, CBNV sáº½ Ä‘Æ°á»£c nghá»‰ liÃªn tá»¥c 04 ngÃ y.
"
717,"CÃ¡c chÆ°Æ¡ng trÃ¬nh Ä‘ang tuyá»ƒn sinh
"
718,"1. KhÃ³a há»c Agile Fundamentals
"
719,"2. KhÃ³a há»c Clean Code
"
720,"ChÆ°Æ¡ng trÃ¬nh dÃ nh cho ToÃ n dÃ¢n
"
721,"Global Citizen
"
722,"Agile Fundamentals
"
723,"Ká»¹ nÄƒng Thuyáº¿t trÃ¬nh
"
724,"Day One
"
725,"Logical Writing
"
726,"ChÆ°Æ¡ng trÃ¬nh dÃ nh cho Developer
"
727,"Clean Code
"
728,"GIT
"
729,"Infra Basic
"
730,"Debugging
"
731,"Security
"
732,"Atomic Design
"
733,"ChÆ°Æ¡ng trÃ¬nh dÃ nh cho QC
"
734,"Test Techniques
"
735,"ISTQB Foundation
"
736,"Link Quy trÃ¬nh biá»ƒu máº«u kiá»ƒm thá»­:
"
737,"ChÆ°Æ¡ng trÃ¬nh dÃ nh cho PM
"
738,"PM Intro
"
739,"PM Advanced
"
740,"ChÆ°Æ¡ng trÃ¬nh dÃ nh cho Quáº£n lÃ½
"
741,"Global Manager
"
742,"Coaching Skill
"
743,"ChÆ°Æ¡ng trÃ¬nh dÃ nh cho Tech Lead
"
744,"Tech Lead Newbie
"
745,"ChÆ°Æ¡ng trÃ¬nh dÃ nh cho cÃ¡c vá»‹ trÃ­ khÃ¡c
"
746,"HB Future
"
747,"Intern
"
748,"CÃ¡c chÆ°Æ¡ng trÃ¬nh sáº¯p diá»…n ra
"
749,"Jump to navigationJump to search
"
750,"1. DÃ nh cho toÃ n dÃ¢n
"
751,"1.1 Day One (dÃ nh cho nhÃ¢n viÃªn má»›i)
"
752,"1.2 Horenso
"
753,"1.3 Global Citizen 03 (thÃ¡ng 7)
"
754,"2. DÃ nh cho Dev
"
755,"2.2 Git intro (Ä‘áº§u thÃ¡ng 7)
"
756,"2.3 Debugging (cuá»‘i thÃ¡ng 6)
"
757,"3. DÃ nh cho QC
"
758,"3.1 Test Design (thÃ¡ng 6)
"
759,"4. DÃ nh cho Comtor
"
760,"4.1 Ká»¹ nÄƒng lÃ m viá»‡c vá»›i KhÃ¡ch hÃ ng Nháº­t (thÃ¡ng 7)
"
761,"5. DÃ nh cho PM
"
762,"5.1 PM Advanced
"
763,"6. DÃ nh cho Quáº£n lÃ½
"
764,"6.1 Coaching Skill (thÃ¡ng 7)
"
765,"6.2 Global Manager (thÃ¡ng 7)
"
766,"ThÆ° viá»‡n HBLAB
"
767,"Jump to navigationJump to search
"
768,"Anh/Chá»‹ thÃ¢n máº¿n,
"
769,"ThÆ° viá»‡n HBLAB ra Ä‘á»i vá»›i mong muá»‘n giá»›i thiá»‡u Ä‘áº¿n cÃ¡c â€œÄ‘á»™c giáº£â€ nhá»¯ng cuá»‘n sÃ¡ch hay, Ã½ nghÄ©a nháº±m xÃ¢y dá»±ng vÃ  lan tá»a vÄƒn hÃ³a Ä‘á»c sÃ¡ch Ä‘áº¿n táº¥t cáº£ cÃ¡c thÃ nh viÃªn.
"
770,"Tá»•ng há»£p sÃ¡ch ThÆ° viá»‡n vÃ  quy trÃ¬nh mÆ°á»£n sÃ¡ch, Anh/Chá»‹ cÃ³ thá»ƒ tham kháº£o Táº I ÄÃ‚Y
"
771,"ChÃºc Anh/Chá»‹ cÃ³ nhá»¯ng giá» phÃºt thoáº£i mÃ¡i ''nhÃ¢m nhi'' nhá»¯ng cuá»‘n sÃ¡ch hay Ä‘á»ƒ khÃ´ng ngá»«ng phÃ¡t triá»ƒn báº£n thÃ¢n nhÃ©!
"
772,"Má»i tháº¯c máº¯c vui lÃ²ng liÃªn há»‡ em Cáº©m Anh - L&D(anhntc@hblab.vn) Ä‘á»ƒ Ä‘Æ°á»£c há»— trá»£!
"
773,"KhÃ´ng gian há»c táº­p Udemy
"
774,"Jump to navigationJump to search
"
775,"Báº¡n thÃ¢n máº¿n,
"
776,"NgoÃ i Learning Hub, táº¡i HBLAB, cÃ¡c thÃ nh viÃªn cÃ²n cÃ³ má»™t khÃ´ng gian há»c táº­p online ná»¯a giÃºp cÃ¡c thÃ nh viÃªn cÃ³ thá»ƒ chá»§ Ä‘á»™ng trong viá»‡c há»c táº­p: CÃ³ thá»ƒ há»c má»i lÃºc, má»i nÆ¡i vá»›i nhá»¯ng chá»§ Ä‘á» mÃ¬nh yÃªu thÃ­ch vá»›i khÃ´ng gian há»c táº­p trá»±c tuyáº¿n UDEMY.
"
777,"Bá»™ pháº­n L&D xin gá»­i tá»›i toÃ n bá»™ thÃ nh viÃªn thÃ´ng tin vá» Udemy HBLAB nhÆ° sau:
"
778,"Pháº¡m vi Ã¡p dá»¥ng: ToÃ n bá»™ thÃ nh viÃªn táº¡i HBLAB
"
779,"NgÃ y Ã¡p dá»¥ng Udemy HBLAB: 19/05/2022
"
780,"HÆ°á»›ng dáº«n sá»­ dá»¥ng Udemy HBLAB Ä‘Æ°á»£c lÆ°u trá»¯: Táº I ÄÃ‚Y
"
781,"Chi tiáº¿t danh sÃ¡ch cÃ¡c khÃ³a há»c cÃ³ sáºµn trÃªn udemy, cÃ¡c thÃ nh viÃªn vui lÃ²ng tham kháº£o: Táº I ÄÃ‚Y
"
782,"Truy cáº­p Udemy: Táº I ÄÃ‚Y
"
783,"Má»™t sá»‘ thÃ´ng tin lÆ°u Ã½:
"
784,"Do sá»­ dá»¥ng tÃ i khoáº£n chung nÃªn Anh/Chá»‹ vui lÃ²ng tá»± ghi chÃº láº¡i tiáº¿n Ä‘á»™ há»c táº­p cá»§a báº£n thÃ¢n
"
785,"Äá»ƒ báº£o máº­t tÃ i khoáº£n, LnD sáº½ Ä‘á»‹nh ká»³ thay Ä‘á»•i password. ThÃ´ng tin thay Ä‘á»•i sáº½ Ä‘Æ°á»£c update táº¡i FILE
"
786,"CÃ¡c thÃ nh viÃªn khÃ´ng tá»± Ã½ Ä‘á»•i máº­t kháº©u, mua hay Ä‘Äƒng kÃ½ cÃ¡c khÃ³a há»c khÃ¡c ngoÃ i cÃ¡c khÃ³a há»c Ä‘Ã£ Ä‘Æ°á»£c mua sáºµn trÃªn Udemy
"
787,"Tuyá»‡t Ä‘á»‘i khÃ´ng tá»± Ã½ chia sáº» tÃ i khoáº£n Ä‘áº¿n cÃ¡c thÃ nh viÃªn khÃ¡c khÃ´ng thuá»™c cÃ´ng ty
"
788,"Má»i tháº¯c máº¯c Anh/Chá»‹ liÃªn há»‡ em Cáº©m Anh (Email/chatwok: [[1]]) Ä‘á»ƒ Ä‘Æ°á»£c há»— trá»£!
"
789,"ChÃºc cÃ¡c thÃ nh viÃªn cÃ³ nhá»¯ng tráº£i nghiá»‡m há»c táº­p tháº­t thÃº vá»‹!
"
790,"Quy trÃ¬nh engineering
"
791,"1. Quy trÃ¬nh engineering lÃ  gÃ¬ ?
"
792,"Quy trÃ¬nh engineering lÃ  quy trÃ¬nh, nÃªn nÃ³ lÃ  trÃ¬nh tá»± thá»±c hiá»‡n má»™t hoáº¡t Ä‘á»™ng Ä‘Ã£ Ä‘Æ°á»£c quy Ä‘á»‹nh. Quy trÃ¬nh engineering táº­p há»£p cÃ¡c bÆ°á»›c Ä‘á»ƒ lÃ m dá»± Ã¡n, cÃ³ Ä‘á»‹nh nghÄ©a cÃ¡c output cáº§n cÃ³ rÃµ rÃ ng. CÃ¡c output phá»¥c vá»¥ má»¥c Ä‘Ã­ch chÃ­nh cho viá»‡c coding, nháº±m nÃ¢ng cao cháº¥t lÆ°á»£ng sáº£n pháº©m.
"
793,"Má»—i quy trÃ¬nh Ä‘Ã£ Ä‘Æ°á»£c Ä‘á»‹nh nghÄ©a cÃ¡ch lÃ m vÃ  output cáº§n pháº£i nhÆ° tháº¿ nÃ o, Ä‘á»“ng thá»i cÅ©ng cÃ³ Ä‘áº§y Ä‘á»§ tÃ i liá»‡u hÆ°á»›ng dáº«n giáº£i thÃ­ch vá» cÃ¡c cÃ´ng viá»‡c cáº§n lÃ m Ä‘Ã³.
"
794,"Quy trÃ¬nh engineering sáº½ nháº«n máº¡nh vÃ o viá»‡c táº¡o ra 1 sáº£n pháº©m cháº¥t lÆ°á»£ng, do Ä‘Ã³ cÃ¡c quy trÃ¬nh con, output cá»§a nÃ³ cÅ©ng lÃ  cÃ¡c output cáº§n cháº¥t lÆ°á»£ng.
"
795,"Quy trÃ¬nh engineering gá»“m cÃ¡c bÆ°á»›c nhÆ° sau:
"
796,"Gá»“m 3 giai Ä‘oáº¡n chÃ­nh:
"
797,"Giai Ä‘oáº¡n khá»Ÿi táº¡o dá»± Ã¡n:
"
798,"PhÃ¢n tÃ­ch yÃªu cáº§u
"
799,"Thiáº¿t káº¿
"
800,"Äá»‹nh nghÄ©a cÃ¡c quy trÃ¬nh coding
"
801,"Khá»Ÿi táº¡o source code
"
802,"Giai Ä‘oáº¡n phÃ¡t triá»ƒn: giai Ä‘oáº¡n nÃ y lÃ  vÃ²ng láº·p phÃ¡t triá»ƒn cÃ¡c tÃ­nh nÄƒng, má»—i tÃ­nh nÄƒng Ä‘á»u cáº§n cÃ¡c bÆ°á»›c phÃ¡t triá»ƒn dÆ°á»›i Ä‘Ã¢y.
"
803,"PhÃ¢n tÃ­ch yÃªu cáº§u
"
804,"Thiáº¿t káº¿
"
805,"Coding
"
806,"Review
"
807,"Quality code gate
"
808,"Deploy
"
809,"Giai Ä‘oáº¡n release:
"
810,"Testing: pháº§n nÃ y thuá»™c vá» Ä‘á»™i QC, nÃªn sáº½ khÃ´ng giá»›i thiá»‡u trong tÃ i liá»‡u nÃ y, vÃ  trong quy trÃ¬nh nÃ y khÃ´ng Ä‘Æ°a vÃ o
"
811,"Security: Äáº£m báº£o báº£o máº­t thÃ´ng tin
"
812,"Báº£o máº­t trong quÃ¡ trÃ¬nh váº­n hÃ nh dá»± Ã¡n
"
813,"CÃ¡c lá»—i liÃªn quan Ä‘áº¿n coding
"
814,"Delivery: giao hÃ ng cho khÃ¡ch hÃ ng
"
815,"Trong quÃ¡ trÃ¬nh lÃ m sáº£n pháº©m, giai Ä‘oáº¡n 2 vÃ  3 sáº½ Ä‘Æ°á»£c láº·p Ä‘i láº·p láº¡i nhiá»u láº§n. Trong giai Ä‘oáº¡n 2 cÅ©ng lÃ  má»™t vÃ²ng láº·p phÃ¡t triá»ƒn cÃ¡c tÃ­nh nÄƒng.
"
816,"2. Táº¡i sao cáº§n quy trÃ¬nh engineering ?
"
817,"Hiá»‡n táº¡i, á»Ÿ HBLAB Ä‘a sá»‘ cÃ¡c dá»± Ã¡n Ä‘á»u lÃ m cho khÃ¡ch hÃ ng startup nÃªn thÆ°á»ng cÃ³ xu hÆ°á»›ng lÃ m lÃ¢u dÃ i. Do váº­y, náº¿u cháº¥t lÆ°á»£ng code khÃ´ng tá»‘t sáº½ áº£nh hÆ°á»Ÿng nhiá»u Ä‘áº¿n viá»‡c váº­n hÃ nh vÃ  phÃ¡t triá»ƒn sau nÃ y. Äáº·c biá»‡t, sáº½ cá»±c ká»³ tá»‘n ráº¥t nhiá»u thá»i gian Ä‘á»ƒ Ä‘i Ä‘á»‘i á»©ng bug production, cÃ¡c bug xáº£y ra trÃªn production cÅ©ng dá»… hiá»ƒu, khi khÃ¡ch hÃ ng mong muá»‘n phÃ¡t triá»ƒn sáº£n pháº©m nhanh, vÃ  spec thay Ä‘á»•i liÃªn tá»¥c. NhÆ°ng lÃ m sao Ä‘á»ƒ giáº£m Ä‘Æ°á»£c sá»‘ bug, lÃ m sao khi cÃ³ bug, viá»‡c Ä‘á»‘i á»©ng Ä‘Æ°á»£c diá»…n ra nhanh chÃ³ng, vÃ  cÃ³ thá»ƒ nhiá»u ngÆ°á»i há»— trá»£ Ä‘Æ°á»£c, khÃ´ng chá»‰ bÃªn trong dá»± Ã¡n, mÃ  cáº£ bÃªn ngoÃ i dá»± Ã¡n, khÃ´ng chá»‰ member code pháº§n Ä‘Ã³, mÃ  member khÃ¡c dá»± Ã¡n cÅ©ng cÃ³ thá»ƒ giÃºp viá»‡c Ä‘á»‘i á»©ng nÃ y. ThÃªm vÃ o Ä‘Ã³ cÃ¡c dá»± Ã¡n cho khÃ¡ch hÃ ng startup thÆ°á»ng kÃ©o dÃ i, cho nÃªn dá»… cÃ³ viá»‡c thÃªm member má»›i, thay Ä‘á»•i member cÅ©, náº¿u khÃ´ng cÃ³ cÃ¡c tÃ i liá»‡u nÃ y thÃ¬ ráº¥t khÃ³ Ä‘á»ƒ cÃ³ thá»ƒ transfer sang cho cÃ¡c member má»›i.
"
818,"á» tá»«ng quy trÃ¬nh con, Ä‘á»u cÃ³ nÃ³i rÃµ nhá»¯ng má»¥c Ä‘Ã­ch vÃ  Ã½ nghÄ©a cá»§a nÃ³ rá»“i. Äá»ƒ 1 há»‡ thá»‘ng cÃ³ phÃ¡t triá»ƒn vÃ  váº­n hÃ nh tá»‘t, thÃ¬ pháº§n thiáº¿t káº¿ ban Ä‘áº§u pháº£i Ä‘áº£m báº£o cÃ³ tÃ­nh má»Ÿ rá»™ng vÃ  káº¿ thá»«a tá»‘t. Do váº­y, khi triá»ƒn khai cÃ¡c quy trÃ¬nh nÃ y, má»™t pháº§n giÃºp cho viá»‡c má»Ÿ rá»™ng tá»‘t hÆ¡n, Ä‘á»“ng thá»i Ä‘áº£m báº£o Ä‘Æ°á»£c há»‡ thá»‘ng cÃ³ thá»ƒ báº£o máº­t, cÃ³ tÃ­nh sáºµn sÃ ng cao â€¦ NhÆ° viá»‡c thiáº¿t káº¿ batch, giÃºp cho viá»‡c phá»¥c há»“i nhanh chÃ³ng, viá»‡c thiáº¿t káº¿ log ban Ä‘áº§u giÃºp cho viá»‡c phÃ¢n tÃ­ch thá»‘ng kÃª, Ä‘iá»u tra bug, hoáº·c theo dÃµi hÃ nh vi cá»§a user tá»‘t hÆ¡n.
"
819,"Máº·t khÃ¡c, khi triá»ƒn khai quy trÃ¬nh, sá»± thá»‘ng nháº¥t Ä‘Ã£ Ä‘Æ°á»£c Ä‘áº£m báº£o, Ä‘á»ƒ members Ä‘á»u cÃ³ hiá»ƒu giá»‘ng nhau, giÃºp cho viá»‡c váº­n hÃ nh dá»± Ã¡n tá»‘t hÆ¡n, trÃ¡nh cÃ¡c trÆ°á»ng há»£p máº¥t thá»i gian Ä‘á»ƒ giáº£i thÃ­ch láº¡i, hay máº¥t thá»i gian Ä‘i tÃ¬m tÃ i liá»‡u. NÃ³ cÅ©ng giÃºp viá»‡c training dev má»›i nhanh hÆ¡n. Äá»“ng thá»i, cÃ¡c tÃ­nh nÄƒng phÃ¡t triá»ƒn Ä‘á»u Ä‘Æ°á»£c chia sáº» cho nhau, khi phÃ¡t triá»ƒn sáº£n pháº©m giáº£m Ã­t áº£nh hÆ°á»Ÿng tá»›i cÃ¡c pháº§n khÃ¡c hÆ¡n.
"
820,"Viá»‡c triá»ƒn khai quy trÃ¬nh cÅ©ng sáº½ giÃºp cho member cáº§n pháº£i há»c vÃ  á»©ng dá»¥ng nhiá»u cÃ¡i vÃ o dá»± Ã¡n. Qua Ä‘Ã³ cÅ©ng giÃºp cho nÄƒng lá»±c cá»§a members cÅ©ng tiáº¿n bá»™ lÃªn.
"
821,"Má»¥c Ä‘Ã­ch hÆ°á»›ng tá»›i cá»§a quy trÃ¬nh engineering lÃ  giÃºp phÃ¡t triá»ƒn sáº£n pháº©m tá»‘t vÃ  cháº¥t lÆ°á»£ng coding tá»‘t hÆ¡n, qua Ä‘Ã³ dá»… dÃ ng váº­n hÃ nh vÃ  phÃ¡t triá»ƒn sáº£n pháº©m hÆ¡n. Sau xa hÆ¡n, khi cÃ¡c triá»ƒn khai thuáº§n thá»¥c cÃ¡c quy trÃ¬nh, chÃºng ta Ä‘Ã£ cÃ³ cÃ¡c output theo chuáº©n, cÃ³ thá»ƒ tiáº¿n hÃ nh auto lÃ m 1 sá»‘ Ä‘áº§u viá»‡c Ä‘á»ƒ cÃ³ thá»ƒ tÄƒng tá»‘c phÃ¡t triá»ƒn sáº£n pháº©m cho khÃ¡ch hÃ ng.
"
822,"Viá»‡c triá»ƒn khai quy trÃ¬nh khÃ´ng chá»‰ giÃºp lÃ m dá»± Ã¡n tá»‘t hÆ¡n, táº¡o ra sáº£n pháº©m tá»‘t hÆ¡n, mÃ  cÃ²n nÃ¢ng cao nÄƒng lá»±c cá»§a cÃ¡c members, nÃ³ cÅ©ng chÃ­nh lÃ  Ä‘á»‹nh hÆ°á»Ÿng theo mission cá»§a cÃ´ng ty: NÃ¢ng táº§m cháº¥t lÆ°á»£ng Viá»‡t Nam.
"
823,"3. Quy trÃ¬nh engineering cÃ³ gÃ¬?
"
824,"ÄÃ¢y lÃ  file master list cÃ¡c tÃ i liá»‡u cá»§a quy trÃ¬nh engineering: Quy trÃ¬nh Engineering
"
825,"Trong file nÃ y, cÃ³ Ä‘áº§y Ä‘á»§ hÆ°á»›ng dáº«n cÃ¡c quy trÃ¬nh, má»¥c Ä‘Ã­ch cá»§a tá»«ng quy trÃ¬nh dÃ¹ng Ä‘á»ƒ lÃ m gÃ¬, vÃ  cÅ©ng Ä‘á»‹nh nghÄ©a cÃ¡c output cáº§n cÃ³ cá»§a tá»«ng quy trÃ¬nh. Äá»“ng thá»i cÅ©ng Ä‘Æ°a ra cÃ¡c tÃ i liá»‡u cho tá»«ng quy trÃ¬nh Ä‘Ã³ cÅ©ng nhÆ° cÃ¡c biá»ƒu máº«u sá»­ dá»¥ng cho quy trÃ¬nh Ä‘Ã³.
"
826,"Táº¥t cáº£ cÃ¡c tÃ i liá»‡u vÃ  template Ä‘á»u Ä‘Æ°á»£c Ä‘á»ƒ á»Ÿ thÆ° má»±c: ThÆ° má»¥c cÃ¡c hÆ°á»›ng dáº«n vÃ  template
"
827,"4. So sÃ¡nh quy trÃ¬nh engineering vÃ  quy trÃ¬nh phÃ¡t triá»ƒn pháº§n má»m
"
828,"Hiá»‡n táº¡i, quy trÃ¬nh phÃ¡t triá»ƒn pháº§n má»m(PTPM) cá»§a cÃ´ng ty Ä‘ang Ä‘Æ°á»£c váº­n hÃ nh bá»Ÿi Ä‘á»™i QA. Váº­y 2 quy trÃ¬nh nÃ y cÃ³ gÃ¬ giá»‘ng vÃ  khÃ¡c nhau.
"
829,"Vá» cÆ¡ báº£n, quy trÃ¬nh engineering lÃ  con cá»§a quy trÃ¬nh phÃ¡t triá»ƒn pháº§n má»m, nhÆ°ng Ä‘ang Ä‘Æ°á»£c váº­n hÃ nh bá»Ÿi 2 bá»™ pháº­n khÃ¡c nhau. Quy trÃ¬nh engineering sáº½ Ä‘Æ°á»£c váº­n hÃ nh, phÃ¡t triá»ƒn cÅ©ng nhÆ° audit bá»Ÿi Ä‘á»™i COE.
"
830,"Quy trÃ¬nh engineering sáº½ hÆ°á»›ng tá»›i cháº¥t lÆ°á»£ng cÃ¡c cÃ´ng Ä‘oáº¡n lÃ m ra, do váº­y khi audit sáº½ Ä‘i sÃ¢u vÃ o dá»± Ã¡n Ä‘á»ƒ audit cháº¥t lÆ°á»£ng cÃ¡c output lÃ m ra. CÃ²n Ä‘á»‘i vá»›i quy trÃ¬nh PTPM Ä‘Æ°á»£c Ä‘á»™i QA váº­n hÃ nh, sáº½ kiá»ƒm tra cÃ³ lÃ m hay khÃ´ng, nhÆ°ng khÃ´ng Ä‘Ã¡nh giÃ¡ Ä‘Æ°á»£c cháº¥t lÆ°á»£ng lÃ m cÃ³ tá»‘t khÃ´ng.
"
831,"Quy trÃ¬nh engineering sáº½ chá»‰ táº­p trung vÃ o developers lÃ  chÃ­nh, cÃ²n Ä‘á»‘i vá»›i quy trÃ¬nh PTTM sáº½ táº­p trung vÃ o dá»± Ã¡n, nÃªn khÃ´ng chá»‰ developers mÃ  cÃ²n comtors, testers ná»¯a. Cáº£ 2 quy trÃ¬nh nÃ y cáº§n PM nháº­n thá»©c vÃ  náº¯m Ä‘Æ°á»£c Ä‘á»ƒ váº­n hÃ nh dá»± Ã¡n tá»‘t hÆ¡n.
"
832,"5. FAQ
"
833,"Quy trÃ¬nh PTPM cÅ©ng audit vÃ  quy trÃ¬nh engineering cÅ©ng váº­y thÃ¬ cÃ³ dáº«m chÃ¢n nhau khÃ´ng?
"
834,"Vá» cÆ¡ báº£n cÃ¡ch thá»©c thá»±c hiá»‡n khÃ¡c nhau, nÃªn dáº§n dáº§n cÃ¡c Ä‘áº§u viá»‡c liÃªn quan Ä‘áº¿n dev bÃªn COE kiá»ƒm soÃ¡t cháº¥t lÆ°á»£ng, bÃªn QA sáº½ há»— trá»£ COE viá»‡c kiá»ƒm soÃ¡t cÃ³ lÃ m hay khÃ´ng, do effort COE chÆ°a cÃ³, náº¿u effort Ä‘á»™i COE Ä‘á»§ thÃ¬ Ä‘á»™i COE sáº½ lÃ m.
"
835,"Ai lÃ  ngÆ°á»i kiá»ƒm soÃ¡t quy trÃ¬nh engineering?
"
836,"Äá»™i COE vÃ  TL, PTL cá»§a cÃ¡c bá»™ pháº­n sáº½ há»— trá»£ dá»± Ã¡n, cÅ©ng nhÆ° viá»‡c audit dá»± Ã¡n
"
837,"Ai lÃ  ngÆ°á»i thá»±c hiá»‡n chÃ­nh quy trÃ¬nh engineering trong dá»± Ã¡n?
"
838,"PTL/PM sáº½ lÃ  ngÆ°á»i chá»‹u trÃ¡ch nhiá»‡m chÃ­nh cho dá»± Ã¡n, náº¿u dá»± Ã¡n khÃ´ng cÃ³ PTL thÃ¬ PM sáº½ chá»‹u trÃ¡ch nhiá»‡m, hoáº·c assign 1 báº¡n key cá»§a dá»± Ã¡n chá»‹u trÃ¡ch nhiá»‡m, Ä‘á»™i COE sáº½ há»— trá»£ vÃ  lÃ m viá»‡c vá»›i báº¡n Ä‘Æ°á»£c assign
"
839,"CÃ³ nhiá»u quy trÃ¬nh nhÆ° váº­y thÃ¬ khi triá»ƒn khai cÃ³ váº» sáº½ gÃ¢y ra nhiá»u effort cho dá»± Ã¡n, cÃ³ cÃ¡ch nÃ o Ä‘á»ƒ lÃ m tá»‘t hÆ¡n khÃ´ng?
"
840,"Vá» cÆ¡ báº£n, má»¥c tiÃªu triá»ƒn khai quy trÃ¬nh lÃ  há»— trá»£ vÃ  nÃ¢ng cao cháº¥t lÆ°á»£ng dá»± Ã¡n, nÃªn sáº½ cá»‘ gáº¯ng thá»±c hiá»‡n cÃ¡c cÃ´ng viá»‡c Ä‘á»ƒ nÃ¢ng cao cháº¥t lÆ°á»£ng. Khi triá»ƒn khai vÃ o dá»± Ã¡n, sáº½ thá»‘ng nháº¥t vá»›i dá»± Ã¡n triá»ƒn khai quy trÃ¬nh nÃ o, dá»± vÃ o effort vÃ  plan cá»§a dá»± Ã¡n, chá»© khÃ´ng triá»ƒn khai háº¿t, cho nÃªn viá»‡c quyáº¿t Ä‘á»‹nh triá»ƒn khai lÃ  do team dá»± Ã¡n quyáº¿t Ä‘á»‹nh, Ä‘á»™i COE chá»‰ tÆ° váº¥n vÃ  há»— trá»£, nhÆ°ng khi triá»ƒn khai cáº§n Ä‘áº£m báº£o Ä‘Æ°á»£c cháº¥t lÆ°á»£ng, lÃºc Ä‘Ã³ Ä‘á»™i COE sáº½ audit.
"
841,"Äá»ƒ thá»±c hiá»‡n Ä‘Æ°á»£c quy trÃ¬nh nÃ y, cáº§n cÃ³ Ä‘Ã o táº¡o dev trong dá»± Ã¡n náº¯m Ä‘Æ°á»£c, váº­y káº¿ hoáº¡ch Ä‘Ã o táº¡o sáº½ nhÆ° tháº¿ nÃ o?
"
842,"Khi cÃ³ káº¿ hoáº¡ch triá»ƒn khai, Ä‘á»™i dá»± Ã¡n trao Ä‘á»•i vá»›i TBP vÃ  liÃªn há»‡ Ä‘á»™i COE, Ä‘á»™i COE sáº½ tÆ° váº¥n vÃ  cÃ³ thá»ƒ tá»• chá»©c training ná»™i bá»™ dá»± Ã¡n, hoáº·c giáº£i Ä‘Ã¡p tháº¯c máº¯c vá» máº·t tÃ i liá»‡u, Ä‘á»ƒ giÃºp dev tiáº¿p cáº­n nhanh hÆ¡n.
"
843,"6. Äá»™i Audit
"
844,"Gá»“m Ä‘á»™i COE vÃ  cÃ¡c báº¡n TL, PTL cá»§a cÃ¡c bá»™ pháº­n.
"
845,"Äá»™i COE hiá»‡n táº¡i gá»“m 2 ngÆ°á»i lÃ m chÃ­nh:
"
846,"DieuHD ([[1]]): chá»‹u trÃ¡ch nhiá»‡m chung
"
847,"ThanhBN ([[2]]): chá»‹u trÃ¡ch nhiá»‡m vá» pháº§n INFRA
"
848,"Khi cáº§n trao Ä‘á»•i, cÃ³ thá»ƒ contact qua email [[3]] hoáº·c mail cá»§a cÃ¡c members, hoáº·c qua chatwork trá»±c tiáº¿p, hoáº·c group HBLAB Developers.
"
849,"TÃ i liá»‡u checklist clean code
"
850,"Jump to navigationJump to search
"
851,"ÄÃ¢y lÃ  folder chá»©a cÃ¡c tÃ i liá»‡u checklist cho clean code, hiá»‡n táº¡i chá»‰ há»— trá»£ cho 3 ngÃ´n ngá»¯: PHP, JS, JAVA
"
852,"https://drive.google.com/drive/folders/15ZflrY4LFt7oi1YSsaIYsZ0Y6JcHP8pw
"
853,"Trong Ä‘Ã³ gá»“m cÃ³ cÃ¡c tÃ i liá»‡u sau:
"
854,"- Clean code checklist - PHP
"
855,"- Clean code checklist - Java
"
856,"- Clean code checklist - JS
"
857,"- File hÆ°á»›ng dáº«n quy trÃ¬nh review code vÃ  tÃ­ch há»£p checklist vÃ o merge request
"
858,"- vÃ  3 file checklist Ä‘Ã£ Ä‘Æ°á»£c chuyá»ƒn sang file markdown
"
859,"CÃ¡c bÆ°á»›c triá»ƒn khai cho dá»± Ã¡n cá»§a mÃ¬nh:
"
860,"Äáº§u tiÃªn má»i ngÆ°á»i náº¯m Ä‘Æ°á»£c quy trÃ¬nh review code, vÃ  Ä‘Æ°a quy trÃ¬nh nÃ y thá»‘ng nháº¥t trong dá»± Ã¡n cá»§a mÃ¬nh.
"
861,"TÃ­ch há»£p checklist clean code vÃ o merge request nhÆ° hÆ°á»›ng dáº«n trong file Review code process
"
862,"Thá»±c hiá»‡n theo quy trÃ¬nh Ä‘Ã£ Ä‘Æ°á»£c Ä‘á»‹nh nghÄ©a trong má»¥c 3, vÃ  tuÃ¢n thá»§ cÃ¡c quy táº¯c dÃ nh cho ngÆ°á»i submit code vÃ  ngÆ°á»i review
"
863,"Cáº£i tiáº¿n, bá»• sung hoáº·c chá»‰nh sá»­a checklist cho phÃ¹ há»£p dá»± Ã¡n(cáº§n trao Ä‘á»•i vá»›i Ä‘á»™i COE (dieuhd@hblab.vn) Ä‘á»ƒ thá»‘ng nhÃ¢t)
"
864,"Má»i ngÆ°á»i chÃº Ã½ Ä‘á»c file hÆ°á»›ng dáº«n tÃ­ch há»£p vÃ o merge request nhÃ©
"
865,"Developers - Lá»™ trÃ¬nh phÃ¡t triá»ƒn
"
866,"Jump to navigationJump to search
"
867,"Chi tiáº¿t xem táº¡i Ä‘Ã¢y: HBLAB Developers - Lá»™ trÃ¬nh phÃ¡t triá»ƒn
"
868,"Äáº§u tiÃªn xin nháº¥n máº¡nh, cÃ¡c Ä‘á»‹nh nghÄ©a trong tÃ i liá»‡u nÃ y dá»±a trÃªn mÃ´i trÆ°á»ng cá»§a HBLAB gá»“m kiáº¿n thá»©c, nÄƒng lá»±c vÃ  dá»± Ã¡n cá»§a cÃ´ng ty. CÃ¡c tiÃªu chÃ­ Ä‘Ã¡nh giÃ¡ Ä‘Æ°á»£c thiáº¿t káº¿ Ä‘á»ƒ phÃ¹ há»£p vá»›i mÃ´i trÆ°á»ng, vÄƒn hÃ³a, dá»± Ã¡n cá»§a HBLAB.
"
869,"NÃªn cÃ³ thá»ƒ level senior á»Ÿ cÃ´ng ty bÃªn ngoÃ i sáº½ khÃ¡c vá»›i level senior á»Ÿ HBLAB.
"
870,"Contents
"
871,"1	1 Má»¥c Ä‘Ã­ch
"
872,"2	2 TiÃªu chÃ­ Ä‘Ã¡nh giÃ¡
"
873,"3	3 HÃ¬nh thá»©c Ä‘Ã¡nh giÃ¡
"
874,"4	4 Thá»i Ä‘iá»ƒm Ä‘Ã¡nh giÃ¡
"
875,"1 Má»¥c Ä‘Ã­ch
"
876,"Äá»‹nh hÆ°á»›ng phÃ¡t triá»ƒn theo hÆ°á»›ng chuyÃªn mÃ´n ká»¹ thuáº­t (technical), khÃ´ng cÃ³ Ä‘á»‹nh hÆ°á»›ng vá» cÃ¡c ráº½ nhÃ¡nh sang cÃ¡c vá»‹ trÃ­ khÃ¡c nhÆ° PM â€¦ (náº¿u sang nhÃ¡nh khÃ¡c thÃ¬ cÃ³ thá»ƒ xem lá»™ trÃ¬nh phÃ¡t triá»ƒn cá»§a nhÃ¡nh Ä‘á»‹nh hÆ°á»›ng sang (náº¿u cÃ³), hoáº·c trao Ä‘á»•i vá»›i cáº¥p trÃªn)
"
877,"Lá»™ trÃ¬nh nÃ y Ä‘á»ƒ má»™t báº¡n developer cÃ³ thá»ƒ biáº¿t Ä‘Æ°á»£c nÄƒng lá»±c hiá»‡n táº¡i Ä‘ang á»Ÿ trÃ¬nh Ä‘á»™ nÃ o, cáº§n pháº£i há»c kiáº¿n thá»©c nÃ o, hoáº·c biáº¿t cáº§n pháº£i nÃ¢ng cao nÄƒng lá»±c báº£n thÃ¢n lÃªn trÃ¬nh Ä‘á»™ nÃ o.
"
878,"NgoÃ i ra, Ä‘á»ƒ cÃ¡c dá»± Ã¡n cÃ³ thá»ƒ dÃ¹ng Ä‘á»ƒ phÃ¢n cÃ´ng cÃ¡c cÃ´ng viá»‡c phÃ¹ há»£p cho tá»«ng trÃ¬nh Ä‘á»™, má»©c Ä‘á»™ khÃ³ cá»§a task Ä‘Æ°á»£c giao cÅ©ng sáº½ tÄƒng lÃªn theo trÃ¬nh Ä‘á»™ cá»§a developers
"
879,"CÃ¡i nÃ y chá»‰ phá»¥c vá»¥ cho má»¥c tiÃªu phÃ¡t triá»ƒn nÄƒng lá»±c, Ä‘á»‹nh hÆ°á»›ng phÃ¡t triá»ƒn vá» ká»¹ thuáº­t, khÃ´ng liÃªn quan Ä‘áº¿n lÆ°Æ¡ng, thÆ°á»Ÿng cá»§a cÃ¡c developers. LÆ°Æ¡ng, thÆ°á»Ÿng Ä‘Æ°á»£c pháº£n Ã¡nh bá»Ÿi cÃ´ng sá»©c Ä‘Ã³ng gÃ³p vÃ o cÃ´ng ty, dá»± Ã¡n,...
"
880,"2 TiÃªu chÃ­ Ä‘Ã¡nh giÃ¡
"
881,"CÃ³ nhiá»u mÃ´ hÃ¬nh Ä‘Ã¡nh giÃ¡ nÄƒng lá»±c, tuy nhiÃªn á»Ÿ chÃºng ta sáº½ Ä‘Ã¡nh giÃ¡ theo nÄƒng lá»±c theo mÃ´ hÃ¬nh Dreyfus (Ä‘Ã¡nh giÃ¡ nÄƒng lá»±c dá»±a trÃªn thá»±c nghiá»‡m), Ä‘Ã¡nh giÃ¡ trÃªn viá»‡c Ä‘Ã£ lÃ m cá»§a mÃ¬nh chá»© khÃ´ng pháº£i dá»±a trÃªn hiá»ƒu biáº¿t lÃ½ thuyáº¿t.
"
882,"Theo mÃ´ hÃ¬nh Dreyfus sáº½ cÃ³ 5 má»©c, thang Ä‘iá»ƒm nhÆ° sau:
"
883,"Level	Point
"
884,"Can't rate	Can't rate
"
885,"No skill(chÆ°a biáº¿t gÃ¬)	--
"
886,"Novice (má»›i báº¯t Ä‘áº§u)	1
"
887,"Advanced Beginner(Nháº­p mÃ´n)	2
"
888,"Competent (CÃ³ nÄƒng lá»±c)	3
"
889,"Proficient (ThÃ nh tháº¡o)	4
"
890,"Expert(Tinh thÃ´ng)	5
"
891,"Chi tiáº¿t cÃ¡ch Ä‘Ã¡nh giÃ¡ xem sheet Norm.
"
892,"CÃ¡c level sáº½ tÆ°Æ¡ng á»©ng vá»›i khoáº£ng Ä‘iá»ƒm nhÆ° sau (dá»± kiáº¿n, cÃ³ thá»ƒ thay Ä‘á»•i Ä‘á»ƒ phÃ¹ há»£p hÆ¡n):
"
893,"Backend	Total Item	55
"
894,"Min	Max
"
895,"Fresher	0	66
"
896,"Junior	66	121
"
897,"Middle	121	171
"
898,"Pre-Senior	171	215
"
899,"Senior	215	275
"
900,"Frontend	Total Item	66
"
901,"Min	Max
"
902,"Fresher	0	79
"
903,"Junior	79	145
"
904,"Middle	145	205
"
905,"Pre-Senior	205	257
"
906,"Senior	257	330
"
907,"Chi tiáº¿t cÃ¡c tiÃªu chÃ­ Ä‘Ã¡nh giÃ¡ nÄƒng lá»±c developers: Evaluate_Developers_Checklist
"
908,"3 HÃ¬nh thá»©c Ä‘Ã¡nh giÃ¡
"
909,"CÃ¡c báº¡n developers sáº½ tá»± Ä‘Ã¡nh giÃ¡ Ä‘á»ƒ náº¯m báº¯t Ä‘Æ°á»£c nÄƒng lá»±c hiá»‡n táº¡i cá»§a mÃ¬nh Ä‘ang á»Ÿ Ä‘Ã¢u, vÃ  biáº¿t cáº§n phÃ¡t triá»ƒn tiáº¿p nhÆ° tháº¿ nÃ o.
"
910,"Hoáº·c cÃ³ thá»ƒ nhá» nhá»¯ng ngÆ°á»i lÃ m viá»‡c trá»±c tiáº¿p vá»›i mÃ¬nh Ä‘Ã¡nh giÃ¡, hoáº·c nhá»  PM/PTL/TL Ä‘Ã¡nh giÃ¡.
"
911,"KhÃ´ng Ä‘áº·t náº·ng vá» váº¥n Ä‘á» level-up, mÃ  Ä‘á»ƒ má»™t developers cÃ³ thá»ƒ biáº¿t phÃ¡t triá»ƒn nÄƒng lá»±c nhÆ° tháº¿ nÃ o, nÃªn cÃ¡c Ä‘Ã¡nh giÃ¡ mang tÃ­nh cháº¥t tÆ°Æ¡ng Ä‘á»‘i. Náº¿u cÃ¡c báº¡n tháº¥y mÃ¬nh cÃ³ nÄƒng lá»±c cao hÆ¡n, thÃ¬ lÃºc Ä‘Ã³ cÃ¡c dá»± Ã¡n cÃ³ thá»ƒ giao cÃ¡c cÃ´ng viá»‡c cÃ³ má»©c Ä‘á»™ khÃ³ hÆ¡n, Ä‘á»ƒ báº¡n cÃ³ thá»ƒ chá»©ng minh nÄƒng lá»±c cá»§a mÃ¬nh.
"
912,"4 Thá»i Ä‘iá»ƒm Ä‘Ã¡nh giÃ¡
"
913,"Äá»‘i vá»›i cÃ¡c cÃ¡ nhÃ¢n cÃ³ thá»ƒ tá»± Ä‘Ã¡nh giÃ¡ Ä‘á»‹nh ká»³ theo checklist á»Ÿ trÃªn.
"
914,"Äá»‘i vá»›i cÃ¡c dá»± Ã¡n vÃ  bá»™ pháº­n nÃªn Ä‘Ã¡nh giÃ¡ cÃ¡c báº¡n khi vÃ o cÃ´ng ty, hoáº·c sau khi káº¿t thÃºc thá»­ viá»‡c, Ä‘á»ƒ cÃ¡c báº¡n náº¯m báº¯t Ä‘Æ°á»£c thÃ´ng tin vá» cÃ¡ch Ä‘Ã¡nh giÃ¡ vÃ  cÃ¡ch phÃ¡t triá»ƒn báº£n thÃ¢n, Ä‘á»“ng thá»i bá»™ pháº­n cÅ©ng náº¯m báº¯t Ä‘Æ°á»£c thÃ´ng tin nÄƒng lá»±c cá»§a cÃ¡c báº¡n.
"
915,"Developers - Lá»™ trÃ¬nh phÃ¡t triá»ƒn
"
916,"Jump to navigationJump to search
"
917,"Chi tiáº¿t xem táº¡i Ä‘Ã¢y: HBLAB Developers - Lá»™ trÃ¬nh phÃ¡t triá»ƒn
"
918,"Äáº§u tiÃªn xin nháº¥n máº¡nh, cÃ¡c Ä‘á»‹nh nghÄ©a trong tÃ i liá»‡u nÃ y dá»±a trÃªn mÃ´i trÆ°á»ng cá»§a HBLAB gá»“m kiáº¿n thá»©c, nÄƒng lá»±c vÃ  dá»± Ã¡n cá»§a cÃ´ng ty. CÃ¡c tiÃªu chÃ­ Ä‘Ã¡nh giÃ¡ Ä‘Æ°á»£c thiáº¿t káº¿ Ä‘á»ƒ phÃ¹ há»£p vá»›i mÃ´i trÆ°á»ng, vÄƒn hÃ³a, dá»± Ã¡n cá»§a HBLAB.
"
919,"NÃªn cÃ³ thá»ƒ level senior á»Ÿ cÃ´ng ty bÃªn ngoÃ i sáº½ khÃ¡c vá»›i level senior á»Ÿ HBLAB.
"
920,"Contents
"
921,"1	1 Má»¥c Ä‘Ã­ch
"
922,"2	2 TiÃªu chÃ­ Ä‘Ã¡nh giÃ¡
"
923,"3	3 HÃ¬nh thá»©c Ä‘Ã¡nh giÃ¡
"
924,"4	4 Thá»i Ä‘iá»ƒm Ä‘Ã¡nh giÃ¡
"
925,"1 Má»¥c Ä‘Ã­ch
"
926,"Äá»‹nh hÆ°á»›ng phÃ¡t triá»ƒn theo hÆ°á»›ng chuyÃªn mÃ´n ká»¹ thuáº­t (technical), khÃ´ng cÃ³ Ä‘á»‹nh hÆ°á»›ng vá» cÃ¡c ráº½ nhÃ¡nh sang cÃ¡c vá»‹ trÃ­ khÃ¡c nhÆ° PM â€¦ (náº¿u sang nhÃ¡nh khÃ¡c thÃ¬ cÃ³ thá»ƒ xem lá»™ trÃ¬nh phÃ¡t triá»ƒn cá»§a nhÃ¡nh Ä‘á»‹nh hÆ°á»›ng sang (náº¿u cÃ³), hoáº·c trao Ä‘á»•i vá»›i cáº¥p trÃªn)
"
927,"Lá»™ trÃ¬nh nÃ y Ä‘á»ƒ má»™t báº¡n developer cÃ³ thá»ƒ biáº¿t Ä‘Æ°á»£c nÄƒng lá»±c hiá»‡n táº¡i Ä‘ang á»Ÿ trÃ¬nh Ä‘á»™ nÃ o, cáº§n pháº£i há»c kiáº¿n thá»©c nÃ o, hoáº·c biáº¿t cáº§n pháº£i nÃ¢ng cao nÄƒng lá»±c báº£n thÃ¢n lÃªn trÃ¬nh Ä‘á»™ nÃ o.
"
928,"NgoÃ i ra, Ä‘á»ƒ cÃ¡c dá»± Ã¡n cÃ³ thá»ƒ dÃ¹ng Ä‘á»ƒ phÃ¢n cÃ´ng cÃ¡c cÃ´ng viá»‡c phÃ¹ há»£p cho tá»«ng trÃ¬nh Ä‘á»™, má»©c Ä‘á»™ khÃ³ cá»§a task Ä‘Æ°á»£c giao cÅ©ng sáº½ tÄƒng lÃªn theo trÃ¬nh Ä‘á»™ cá»§a developers
"
929,"CÃ¡i nÃ y chá»‰ phá»¥c vá»¥ cho má»¥c tiÃªu phÃ¡t triá»ƒn nÄƒng lá»±c, Ä‘á»‹nh hÆ°á»›ng phÃ¡t triá»ƒn vá» ká»¹ thuáº­t, khÃ´ng liÃªn quan Ä‘áº¿n lÆ°Æ¡ng, thÆ°á»Ÿng cá»§a cÃ¡c developers. LÆ°Æ¡ng, thÆ°á»Ÿng Ä‘Æ°á»£c pháº£n Ã¡nh bá»Ÿi cÃ´ng sá»©c Ä‘Ã³ng gÃ³p vÃ o cÃ´ng ty, dá»± Ã¡n,...
"
930,"2 TiÃªu chÃ­ Ä‘Ã¡nh giÃ¡
"
931,"CÃ³ nhiá»u mÃ´ hÃ¬nh Ä‘Ã¡nh giÃ¡ nÄƒng lá»±c, tuy nhiÃªn á»Ÿ chÃºng ta sáº½ Ä‘Ã¡nh giÃ¡ theo nÄƒng lá»±c theo mÃ´ hÃ¬nh Dreyfus (Ä‘Ã¡nh giÃ¡ nÄƒng lá»±c dá»±a trÃªn thá»±c nghiá»‡m), Ä‘Ã¡nh giÃ¡ trÃªn viá»‡c Ä‘Ã£ lÃ m cá»§a mÃ¬nh chá»© khÃ´ng pháº£i dá»±a trÃªn hiá»ƒu biáº¿t lÃ½ thuyáº¿t.
"
932,"Theo mÃ´ hÃ¬nh Dreyfus sáº½ cÃ³ 5 má»©c, thang Ä‘iá»ƒm nhÆ° sau:
"
933,"Level	Point
"
934,"Can't rate	Can't rate
"
935,"No skill(chÆ°a biáº¿t gÃ¬)	--
"
936,"Novice (má»›i báº¯t Ä‘áº§u)	1
"
937,"Advanced Beginner(Nháº­p mÃ´n)	2
"
938,"Competent (CÃ³ nÄƒng lá»±c)	3
"
939,"Proficient (ThÃ nh tháº¡o)	4
"
940,"Expert(Tinh thÃ´ng)	5
"
941,"Chi tiáº¿t cÃ¡ch Ä‘Ã¡nh giÃ¡ xem sheet Norm.
"
942,"CÃ¡c level sáº½ tÆ°Æ¡ng á»©ng vá»›i khoáº£ng Ä‘iá»ƒm nhÆ° sau (dá»± kiáº¿n, cÃ³ thá»ƒ thay Ä‘á»•i Ä‘á»ƒ phÃ¹ há»£p hÆ¡n):
"
943,"Backend	Total Item	55
"
944,"Min	Max
"
945,"Fresher	0	66
"
946,"Junior	66	121
"
947,"Middle	121	171
"
948,"Pre-Senior	171	215
"
949,"Senior	215	275
"
950,"Frontend	Total Item	66
"
951,"Min	Max
"
952,"Fresher	0	79
"
953,"Junior	79	145
"
954,"Middle	145	205
"
955,"Pre-Senior	205	257
"
956,"Senior	257	330
"
957,"Chi tiáº¿t cÃ¡c tiÃªu chÃ­ Ä‘Ã¡nh giÃ¡ nÄƒng lá»±c developers: Evaluate_Developers_Checklist
"
958,"3 HÃ¬nh thá»©c Ä‘Ã¡nh giÃ¡
"
959,"CÃ¡c báº¡n developers sáº½ tá»± Ä‘Ã¡nh giÃ¡ Ä‘á»ƒ náº¯m báº¯t Ä‘Æ°á»£c nÄƒng lá»±c hiá»‡n táº¡i cá»§a mÃ¬nh Ä‘ang á»Ÿ Ä‘Ã¢u, vÃ  biáº¿t cáº§n phÃ¡t triá»ƒn tiáº¿p nhÆ° tháº¿ nÃ o.
"
960,"Hoáº·c cÃ³ thá»ƒ nhá» nhá»¯ng ngÆ°á»i lÃ m viá»‡c trá»±c tiáº¿p vá»›i mÃ¬nh Ä‘Ã¡nh giÃ¡, hoáº·c nhá»  PM/PTL/TL Ä‘Ã¡nh giÃ¡.
"
961,"KhÃ´ng Ä‘áº·t náº·ng vá» váº¥n Ä‘á» level-up, mÃ  Ä‘á»ƒ má»™t developers cÃ³ thá»ƒ biáº¿t phÃ¡t triá»ƒn nÄƒng lá»±c nhÆ° tháº¿ nÃ o, nÃªn cÃ¡c Ä‘Ã¡nh giÃ¡ mang tÃ­nh cháº¥t tÆ°Æ¡ng Ä‘á»‘i. Náº¿u cÃ¡c báº¡n tháº¥y mÃ¬nh cÃ³ nÄƒng lá»±c cao hÆ¡n, thÃ¬ lÃºc Ä‘Ã³ cÃ¡c dá»± Ã¡n cÃ³ thá»ƒ giao cÃ¡c cÃ´ng viá»‡c cÃ³ má»©c Ä‘á»™ khÃ³ hÆ¡n, Ä‘á»ƒ báº¡n cÃ³ thá»ƒ chá»©ng minh nÄƒng lá»±c cá»§a mÃ¬nh.
"
962,"4 Thá»i Ä‘iá»ƒm Ä‘Ã¡nh giÃ¡
"
963,"Äá»‘i vá»›i cÃ¡c cÃ¡ nhÃ¢n cÃ³ thá»ƒ tá»± Ä‘Ã¡nh giÃ¡ Ä‘á»‹nh ká»³ theo checklist á»Ÿ trÃªn.
"
964,"Äá»‘i vá»›i cÃ¡c dá»± Ã¡n vÃ  bá»™ pháº­n nÃªn Ä‘Ã¡nh giÃ¡ cÃ¡c báº¡n khi vÃ o cÃ´ng ty, hoáº·c sau khi káº¿t thÃºc thá»­ viá»‡c, Ä‘á»ƒ cÃ¡c báº¡n náº¯m báº¯t Ä‘Æ°á»£c thÃ´ng tin vá» cÃ¡ch Ä‘Ã¡nh giÃ¡ vÃ  cÃ¡ch phÃ¡t triá»ƒn báº£n thÃ¢n, Ä‘á»“ng thá»i bá»™ pháº­n cÅ©ng náº¯m báº¯t Ä‘Æ°á»£c thÃ´ng tin nÄƒng lá»±c cá»§a cÃ¡c báº¡n.
"
965,"Developers - Lá»™ trÃ¬nh phÃ¡t triá»ƒn
"
966,"Jump to navigationJump to search
"
967,"Chi tiáº¿t xem táº¡i Ä‘Ã¢y: HBLAB Developers - Lá»™ trÃ¬nh phÃ¡t triá»ƒn
"
968,"Äáº§u tiÃªn xin nháº¥n máº¡nh, cÃ¡c Ä‘á»‹nh nghÄ©a trong tÃ i liá»‡u nÃ y dá»±a trÃªn mÃ´i trÆ°á»ng cá»§a HBLAB gá»“m kiáº¿n thá»©c, nÄƒng lá»±c vÃ  dá»± Ã¡n cá»§a cÃ´ng ty. CÃ¡c tiÃªu chÃ­ Ä‘Ã¡nh giÃ¡ Ä‘Æ°á»£c thiáº¿t káº¿ Ä‘á»ƒ phÃ¹ há»£p vá»›i mÃ´i trÆ°á»ng, vÄƒn hÃ³a, dá»± Ã¡n cá»§a HBLAB.
"
969,"NÃªn cÃ³ thá»ƒ level senior á»Ÿ cÃ´ng ty bÃªn ngoÃ i sáº½ khÃ¡c vá»›i level senior á»Ÿ HBLAB.
"
970,"Contents
"
971,"1	1 Má»¥c Ä‘Ã­ch
"
972,"2	2 TiÃªu chÃ­ Ä‘Ã¡nh giÃ¡
"
973,"3	3 HÃ¬nh thá»©c Ä‘Ã¡nh giÃ¡
"
974,"4	4 Thá»i Ä‘iá»ƒm Ä‘Ã¡nh giÃ¡
"
975,"1 Má»¥c Ä‘Ã­ch
"
976,"Äá»‹nh hÆ°á»›ng phÃ¡t triá»ƒn theo hÆ°á»›ng chuyÃªn mÃ´n ká»¹ thuáº­t (technical), khÃ´ng cÃ³ Ä‘á»‹nh hÆ°á»›ng vá» cÃ¡c ráº½ nhÃ¡nh sang cÃ¡c vá»‹ trÃ­ khÃ¡c nhÆ° PM â€¦ (náº¿u sang nhÃ¡nh khÃ¡c thÃ¬ cÃ³ thá»ƒ xem lá»™ trÃ¬nh phÃ¡t triá»ƒn cá»§a nhÃ¡nh Ä‘á»‹nh hÆ°á»›ng sang (náº¿u cÃ³), hoáº·c trao Ä‘á»•i vá»›i cáº¥p trÃªn)
"
977,"Lá»™ trÃ¬nh nÃ y Ä‘á»ƒ má»™t báº¡n developer cÃ³ thá»ƒ biáº¿t Ä‘Æ°á»£c nÄƒng lá»±c hiá»‡n táº¡i Ä‘ang á»Ÿ trÃ¬nh Ä‘á»™ nÃ o, cáº§n pháº£i há»c kiáº¿n thá»©c nÃ o, hoáº·c biáº¿t cáº§n pháº£i nÃ¢ng cao nÄƒng lá»±c báº£n thÃ¢n lÃªn trÃ¬nh Ä‘á»™ nÃ o.
"
978,"NgoÃ i ra, Ä‘á»ƒ cÃ¡c dá»± Ã¡n cÃ³ thá»ƒ dÃ¹ng Ä‘á»ƒ phÃ¢n cÃ´ng cÃ¡c cÃ´ng viá»‡c phÃ¹ há»£p cho tá»«ng trÃ¬nh Ä‘á»™, má»©c Ä‘á»™ khÃ³ cá»§a task Ä‘Æ°á»£c giao cÅ©ng sáº½ tÄƒng lÃªn theo trÃ¬nh Ä‘á»™ cá»§a developers
"
979,"CÃ¡i nÃ y chá»‰ phá»¥c vá»¥ cho má»¥c tiÃªu phÃ¡t triá»ƒn nÄƒng lá»±c, Ä‘á»‹nh hÆ°á»›ng phÃ¡t triá»ƒn vá» ká»¹ thuáº­t, khÃ´ng liÃªn quan Ä‘áº¿n lÆ°Æ¡ng, thÆ°á»Ÿng cá»§a cÃ¡c developers. LÆ°Æ¡ng, thÆ°á»Ÿng Ä‘Æ°á»£c pháº£n Ã¡nh bá»Ÿi cÃ´ng sá»©c Ä‘Ã³ng gÃ³p vÃ o cÃ´ng ty, dá»± Ã¡n,...
"
980,"2 TiÃªu chÃ­ Ä‘Ã¡nh giÃ¡
"
981,"CÃ³ nhiá»u mÃ´ hÃ¬nh Ä‘Ã¡nh giÃ¡ nÄƒng lá»±c, tuy nhiÃªn á»Ÿ chÃºng ta sáº½ Ä‘Ã¡nh giÃ¡ theo nÄƒng lá»±c theo mÃ´ hÃ¬nh Dreyfus (Ä‘Ã¡nh giÃ¡ nÄƒng lá»±c dá»±a trÃªn thá»±c nghiá»‡m), Ä‘Ã¡nh giÃ¡ trÃªn viá»‡c Ä‘Ã£ lÃ m cá»§a mÃ¬nh chá»© khÃ´ng pháº£i dá»±a trÃªn hiá»ƒu biáº¿t lÃ½ thuyáº¿t.
"
982,"Theo mÃ´ hÃ¬nh Dreyfus sáº½ cÃ³ 5 má»©c, thang Ä‘iá»ƒm nhÆ° sau:
"
983,"Level	Point
"
984,"Can't rate	Can't rate
"
985,"No skill(chÆ°a biáº¿t gÃ¬)	--
"
986,"Novice (má»›i báº¯t Ä‘áº§u)	1
"
987,"Advanced Beginner(Nháº­p mÃ´n)	2
"
988,"Competent (CÃ³ nÄƒng lá»±c)	3
"
989,"Proficient (ThÃ nh tháº¡o)	4
"
990,"Expert(Tinh thÃ´ng)	5
"
991,"Chi tiáº¿t cÃ¡ch Ä‘Ã¡nh giÃ¡ xem sheet Norm.
"
992,"CÃ¡c level sáº½ tÆ°Æ¡ng á»©ng vá»›i khoáº£ng Ä‘iá»ƒm nhÆ° sau (dá»± kiáº¿n, cÃ³ thá»ƒ thay Ä‘á»•i Ä‘á»ƒ phÃ¹ há»£p hÆ¡n):
"
993,"Backend	Total Item	55
"
994,"Min	Max
"
995,"Fresher	0	66
"
996,"Junior	66	121
"
997,"Middle	121	171
"
998,"Pre-Senior	171	215
"
999,"Senior	215	275
"
1000,"Frontend	Total Item	66
"
1001,"Min	Max
"
1002,"Fresher	0	79
"
1003,"Junior	79	145
"
1004,"Middle	145	205
"
1005,"Pre-Senior	205	257
"
1006,"Senior	257	330
"
1007,"Chi tiáº¿t cÃ¡c tiÃªu chÃ­ Ä‘Ã¡nh giÃ¡ nÄƒng lá»±c developers: Evaluate_Developers_Checklist
"
1008,"3 HÃ¬nh thá»©c Ä‘Ã¡nh giÃ¡
"
1009,"CÃ¡c báº¡n developers sáº½ tá»± Ä‘Ã¡nh giÃ¡ Ä‘á»ƒ náº¯m báº¯t Ä‘Æ°á»£c nÄƒng lá»±c hiá»‡n táº¡i cá»§a mÃ¬nh Ä‘ang á»Ÿ Ä‘Ã¢u, vÃ  biáº¿t cáº§n phÃ¡t triá»ƒn tiáº¿p nhÆ° tháº¿ nÃ o.
"
1010,"Hoáº·c cÃ³ thá»ƒ nhá» nhá»¯ng ngÆ°á»i lÃ m viá»‡c trá»±c tiáº¿p vá»›i mÃ¬nh Ä‘Ã¡nh giÃ¡, hoáº·c nhá»  PM/PTL/TL Ä‘Ã¡nh giÃ¡.
"
1011,"KhÃ´ng Ä‘áº·t náº·ng vá» váº¥n Ä‘á» level-up, mÃ  Ä‘á»ƒ má»™t developers cÃ³ thá»ƒ biáº¿t phÃ¡t triá»ƒn nÄƒng lá»±c nhÆ° tháº¿ nÃ o, nÃªn cÃ¡c Ä‘Ã¡nh giÃ¡ mang tÃ­nh cháº¥t tÆ°Æ¡ng Ä‘á»‘i. Náº¿u cÃ¡c báº¡n tháº¥y mÃ¬nh cÃ³ nÄƒng lá»±c cao hÆ¡n, thÃ¬ lÃºc Ä‘Ã³ cÃ¡c dá»± Ã¡n cÃ³ thá»ƒ giao cÃ¡c cÃ´ng viá»‡c cÃ³ má»©c Ä‘á»™ khÃ³ hÆ¡n, Ä‘á»ƒ báº¡n cÃ³ thá»ƒ chá»©ng minh nÄƒng lá»±c cá»§a mÃ¬nh.
"
1012,"4 Thá»i Ä‘iá»ƒm Ä‘Ã¡nh giÃ¡
"
1013,"Äá»‘i vá»›i cÃ¡c cÃ¡ nhÃ¢n cÃ³ thá»ƒ tá»± Ä‘Ã¡nh giÃ¡ Ä‘á»‹nh ká»³ theo checklist á»Ÿ trÃªn.
"
1014,"Äá»‘i vá»›i cÃ¡c dá»± Ã¡n vÃ  bá»™ pháº­n nÃªn Ä‘Ã¡nh giÃ¡ cÃ¡c báº¡n khi vÃ o cÃ´ng ty, hoáº·c sau khi káº¿t thÃºc thá»­ viá»‡c, Ä‘á»ƒ cÃ¡c báº¡n náº¯m báº¯t Ä‘Æ°á»£c thÃ´ng tin vá» cÃ¡ch Ä‘Ã¡nh giÃ¡ vÃ  cÃ¡ch phÃ¡t triá»ƒn báº£n thÃ¢n, Ä‘á»“ng thá»i bá»™ pháº­n cÅ©ng náº¯m báº¯t Ä‘Æ°á»£c thÃ´ng tin nÄƒng lá»±c cá»§a cÃ¡c báº¡n.
"
1015,"Quy trÃ¬nh NhÃ¢n sá»±
"
1016,"Jump to navigationJump to search
"
1017,"Quy trÃ¬nh Tuyá»ƒn dá»¥ng
"
1018,"Quy trÃ¬nh nghá»‰ viá»‡c
"
1019,"Quy trÃ¬nh gia háº¡n Há»£p Ä‘á»“ng lao Ä‘á»™ng
"
1020,"Quy trÃ¬nh nháº­n thÆ°á»Ÿng thi chá»©ng chá»‰
"
1021,"HÆ°á»›ng dáº«n vá» Báº£o hiá»ƒm xÃ£ há»™i
"
1022,"HÆ°á»›ng dáº«n sá»­ dá»¥ng Báº£o hiá»ƒm sá»©c khá»e
"
1023,"Quy trÃ¬nh sá»­ dá»¥ng quá»¹ há»c táº­p
"
1024,"Quy trÃ¬nh Ä‘iá»u chuyá»ƒn nhÃ¢n sá»±
"
1025,"Quy trÃ¬nh cháº¥m cÃ´ng
"
1026,"Quy trÃ¬nh quáº£n lÃ½ nhÃ¢n sá»± thuÃª ngoÃ i
"
1027,"Quy trÃ¬nh Tiáº¿p nháº­n YÃªu cáº§u tuyá»ƒn dá»¥ng
"
1028,"HÆ°á»›ng dáº«n Cháº¿ Ä‘á»™ cÃ´ng tÃ¡c
"
1029,"HÆ°á»›ng dáº«n v/v Ä‘iá»u chá»‰nh thÃ´ng tin LÆ°Æ¡ng
"
1030,"Quy trÃ¬nh IT
"
1031,"Jump to navigationJump to search
"
1032,"1. Ná»™i quy An toÃ n thÃ´ng tin
"
1033,"2. Kho pháº§n má»m HBLAB
"
1034,"3. HÆ°á»›ng dáº«n xá»­ lÃ­ cÃ¡c sá»± cá»‘ mÃ¡y tÃ­nh cÆ¡ báº£n
"
1035,"4. HÆ°á»›ng dáº«n káº¿t ná»‘i VPN cÃ´ng ty
"
1036,"5. Lá»‹ch trÃ¬nh kiá»ƒm tra thiáº¿t bá»‹ Ä‘á»‹nh kÃ¬
"
1037,"6.Quy trÃ¬nh bá»™ pháº­n IT vá» viá»‡c tiáº¿p nháº­n nhÃ¢n sá»± má»›i,
"
1038,"7.Quy trÃ¬nh bá»™ pháº­n IT vá» NhÃ¢n sá»± nghá»‰ viá»‡c.
"
1039,"8.Quy tÃ¬nh quáº£n lÃ½ mua sáº¯m thiáº¿t bá»‹
"
1040,"9.Quy trÃ¬nh quáº£n lÃ½ tÃ i sáº£n nhÃ¢n sá»± nghá»‰ sinh, táº¡m nghá»‰
"
1041,"Quy trÃ¬nh chá»‘t dá»± Ã¡n
"
1042,"Jump to navigationJump to search
"
1043,"Khi chá»‘t dá»± Ã¡n thÃ¬ cáº§n lÃ m cÃ¡c cÃ´ng viá»‡c sau Ä‘Ã¢y:
"
1044,"BÃªn Sale hoáº·c CSM cáº§n gá»­i thÃ´ng tin dÆ°á»›i Ä‘Ã¢y vá» cho cÃ¡c bÃªn liÃªn quan (Sale, QA, COO, members liÃªn quan)
"
1045,"ThÃ´ng tin tá»•ng quan vá» dá»± Ã¡n
"
1046,"Budget cho dá»± Ã¡n (man month)
"
1047,"Proposal (náº¿u cÃ³)
"
1048,"Link estimate Ä‘Ã£ chá»‘t vá»›i khÃ¡ch hÃ ng (náº¿u cÃ³)
"
1049,"Evidence Ä‘Ã£ chá»‘t vá»›i KH (náº¿u cÃ³)
"
1050,"Thá»i Ä‘iá»ƒm start dá»± Ã¡n (náº¿u cÃ³)
"
1051,"Má»‘c release mong muá»‘n cá»§a khÃ¡ch hÃ ng (náº¿u cÃ³)
"
1052,"Schedule Ä‘Ã£ chá»‘t vá»›i khÃ¡ch hÃ ng (náº¿u cÃ³)
"
1053,"CÃ¡c Ä‘iá»ƒm chÃº Ã½ Ä‘áº·c biá»‡t khÃ¡c (security, cÃ¡c thá»a thuáº­n khÃ¡c cáº§n chÃº Ã½ náº¿u cÃ³ ...)
"
1054,"ThÃ´ng tin chi tiáº¿t vá» dá»± Ã¡n
"
1055,"Äáº·c táº£ yÃªu cáº§u cá»§a dá»± Ã¡n
"
1056,"CÃ¡c thÃ´ng tin khÃ¡c liÃªn quan Ä‘áº¿n dá»± Ã¡n (náº¿u cÃ³)
"
1057,"TÃ i liá»‡u Marketing
"
1058,"Jump to navigationJump to search
"
1059,"NguyÃªn táº¯c Ä‘áº·t trÃªn file trong folder Marketing
"
1060,"HÆ°á»›ng dáº«n táº¡o template bÃ i viáº¿t
"
1061,"HÆ°á»›ng dáº«n bÃ¡o cÃ¡o Daily Meeting
"
1062,"HÆ°á»›ng dáº«n táº¡o bÃ i viáº¿t trÃªn Facebook
"
1063,"HÆ°á»›ng dáº«n táº¡o bÃ i viáº¿t trÃªn Website
"
1064,"HÆ°á»›ng dáº«n SEO bÃ i viáº¿t trÃªn Website
"
1065,"HÆ°á»›ng dáº«n táº¡o áº£nh Ä‘Äƒng bÃ i
"
