label,raw text
Mission,"Theo Ä‘uá»•i háº¡nh phÃºc cho toÃ n thá»ƒ nhÃ¢n viÃªn, mang Ä‘áº¿n dá»‹ch vá»¥ tá»‘t nháº¥t cho khÃ¡ch hÃ ng, nÃ¢ng táº§m cháº¥t lÆ°á»£ng Viá»‡t Nam."
"Táº§m nhÃ¬n, má»¥c tiÃªu 2024","Trá»Ÿ thÃ nh má»™t tá»• chá»©c vá»›i 1000 ngÆ°á»i cung cáº¥p giáº£i phÃ¡p chuyá»ƒn Ä‘á»•i sá»‘ cÃ³ cháº¥t lÆ°á»£ng cho khÃ¡ch hÃ ng. TrÃªn con Ä‘Æ°á»ng dÃ i hÆ°á»›ng tá»›i má»¥c tiÃªu: ""Theo Ä‘uá»•i háº¡nh phÃºc cho toÃ n thá»ƒ nhÃ¢n viÃªn, mang Ä‘áº¿n dá»‹ch vá»¥ tá»‘t nháº¥t cho khÃ¡ch hÃ ng, nÃ¢ng táº§m cháº¥t lÆ°á»£ng Viá»‡t Nam""

Vision 2024 Ä‘Æ°á»£c váº¡ch ra vá»›i niá»m tin ráº±ng: viá»‡c tÄƒng trÆ°á»Ÿng vá» sá»‘ lÆ°á»£ng nhÃ¢n sá»± sáº½ lÃ  má»™t hÆ°á»›ng Ä‘i giÃºp má»i ngÆ°á»i cÃ³ Ä‘Æ°á»£c khÃ´ng gian Ä‘á»ƒ phÃ¡t triá»ƒn báº£n thÃ¢n hoÃ n thiá»‡n hÆ¡n"
Core value cá»§a HBLab,"TrÃ¡ch nhiá»‡m sÃ¢u sÃ¡t vá»›i cÃ´ng viá»‡c: TrÃ¡ch nhiá»‡m lÃ  khi Ä‘Æ°á»£c giao báº¥t ká»³ viá»‡c gÃ¬ dÃ¹ to hay nhá», khÃ³ hay dá»…, cÅ©ng mang táº¥t cáº£ tÃ¢m há»“n cá»§a mÃ¬nh vÃ o cÃ´ng viá»‡c lÃ m Ä‘áº¿n nÆ¡i Ä‘áº¿n chá»‘n, vÆ°á»£t má»i khÃ³ khÄƒn Ä‘á»ƒ lÃ m cho thÃ nh cÃ´ng.
ChÃ¢n thÃ nh: ChÃ¢n thÃ nh lÃ  thÃ nh tháº­t, lÆ°Æ¡ng thiá»‡n vÃ  thá»±c táº¿ vá»›i Ä‘á»“ng nghiá»‡p, khÃ¡ch hÃ ng, nhá»¯ng ngÆ°á»i xung quanh. HÆ¡n táº¥t cáº£ chÃ¢n thÃ nh lÃ  sá»‘ng tháº­t vá»›i chÃ­nh báº£n thÃ¢n mÃ¬nh.
Chia sáº»: Chia sáº» lÃ  cÃ¹ng nhau gÃ¡nh vÃ¡c cÃ´ng viá»‡c, cÃ¹ng nhau hÆ°á»Ÿng thá»¥ thÃ nh quáº£ Ä‘Ã³. HÆ¡n tháº¿ ná»¯a lÃ  cÃ¹ng nhau chia sáº» niá»m vui, ná»—i buá»“n.
LiÃªn tá»¥c Há»c Táº­p vÃ  Ä‘á»•i má»›i: LiÃªn tá»¥c há»c táº­p vÃ o Ä‘á»•i má»›i lÃ  má»—i thÃ nh viÃªn, cÃ´ng ty pháº£i liÃªn tá»¥c cáº­p nháº­t vÃ  tiáº¿p thu tri thá»©c má»›i. Coi há»c táº­p vÃ  Ä‘á»•i má»›i lÃ  nÄƒng lá»±c cáº¡nh tranh cá»‘t lÃµi cá»§a doanh nghiá»‡p."
CÆ¡ cáº¥u tá»• chá»©c,"CÆ¡ cáº¥u tá»• chá»©c cá»§a HBLAB Viá»‡t Nam lÃ  tá»•ng há»£p cÃ¡c bá»™ pháº­n (Ä‘Æ¡n vá»‹, cÃ¡ nhÃ¢n) cÃ³ má»‘i liÃªn há»‡ phá»¥ thuá»™c láº«n nhau, Ä‘Æ°á»£c chuyÃªn mÃ´n hoÃ¡ vÃ  cÃ³ nhá»¯ng trÃ¡ch nhiá»‡m, quyá»n háº¡n nháº¥t Ä‘á»‹nh. CÃ¡c bá»™ pháº­n Ä‘Æ°á»£c bá»‘ trÃ­ thÃ nh cÃ¡c cáº¥p khÃ¡c nhau nháº±m thá»±c hiá»‡n cÃ¡c chá»©c nÄƒng quáº£n trá»‹ vÃ  phá»¥c vá»¥ má»¥c tiÃªu chung cá»§a tá»• chá»©c.
"
HÆ°á»›ng dáº«n sá»­ dá»¥ng logo vÃ  tÃªn cÃ´ng ty,https://wiki.hblab.vn/img_auth.php/H%C6%AF%E1%BB%9ANG_D%E1%BA%AAN_S%E1%BB%AC_D%E1%BB%A4NG_T%C3%8AN_V%C3%80_LOGO_HBLAB.pdf
HBLAB Wiki lÃ  gÃ¬?,"Sá»± ra Ä‘á»i cá»§a ğ°ğ¢ğ¤ğ¢.ğ¡ğ›ğ¥ğšğ›.ğ¯ğ§ vá»›i niá»m tin ráº±ng cÃ¡c thÃ´ng tin mÃ  chÃºng ta Ä‘Ã£ vÃ  Ä‘ang trao Ä‘á»•i vá»›i nhau sáº½ Ä‘Æ°á»£c tá»‘i Æ°u giÃ¡ trá»‹ nháº¥t cÃ³ thá»ƒ.


TrÆ°á»›c kia, chÃºng ta hay nháº­n Ä‘Æ°á»£c cÃ¡c thÃ´ng tin truyá»n thÃ´ng qua kÃªnh chat lÃ  chá»§ yáº¿u, viá»‡c nÃ y tá»“n táº¡i nhiá»u báº¥t cáº­p nhÆ° dá»… bá»‹ láº«n lá»™n, khÃ³ tÃ¬m kiáº¿m... VÃ¬ váº­y sá»± ra Ä‘á»i cá»§a trang ğ°ğ¢ğ¤ğ¢.ğ¡ğ›ğ¥ğšğ›.ğ¯ğ§ Ä‘áº§u tiÃªn lÃ  nháº±m kháº¯c phá»¥c Ä‘iá»ƒm báº¥t cáº­p nÃ y.

Muá»‘n tÃ¬m láº¡i má»™t ná»™i dung thÃ´ng bÃ¡o nÃ o Ä‘Ã³ cá»§a Ä‘á»™i LnD, cá»§a PhÃ²ng HCNS hay cá»§a cÃ¡c cÃ¢u láº¡c bá»™ ÄÃ¡ BÃ³ng, Cáº§u LÃ´ng... tháº­t lÃ  khÃ³ khÄƒn, chÃºng ta sáº½ pháº£i há»i háº¿t ngÆ°á»i nÃ y tá»›i ngÆ°á»i khÃ¡c mÃ  cÅ©ng chÆ°a cháº¯c Ä‘Ã£ cÃ³ cÃ¢u tráº£ lá»i Ä‘áº§y Ä‘á»§. Viá»‡c tÃ¬m kiáº¿m tin nháº¯n trÃªn chatwork thÃ¬ khÃ´ng mang nhiá»u hi vá»ng, cÃ²n viá»‡c nhá»› ra tÃªn nhÃ³m rá»“i vÃ o má»¥c mÃ´ táº£ nhÃ³m Ä‘á»ƒ tÃ¬m trong 1 loáº¡t link Ä‘Ã­nh kÃ¨m nghe cÅ©ng khÃ´ng kháº£ thi hÆ¡n láº¯m.

ChÃºng ta Ä‘Ã£ viáº¿t ráº¥t nhiá»u trÃªn cÃ¡c ná»n táº£ng chat, nhÆ°ng sá»± hiá»‡u quáº£ cá»§a nÃ³ nhanh chÃ³ng bá»‹ dÃ²ng thá»i gian nháº¥n chÃ¬m, giá» lÃ  lÃºc chÃºng ta cáº§n tá»‘i Æ°u láº¡i giÃ¡ trá»‹ cho nhá»¯ng thá»© chÃºng ta dáº§y cÃ´ng táº¡o ra.


NhÆ°ng Ä‘Ã³ váº«n chÆ°a pháº£i lÃ  má»¥c tiÃªu cuá»‘i cÃ¹ng cho sá»± ra Ä‘á»i cá»§a ğ°ğ¢ğ¤ğ¢.ğ¡ğ›ğ¥ğšğ›.ğ¯ğ§. ChÃºng ta sáº¯p bÆ°á»›c sang tuá»•i thá»© 6, tháº¿ nhÆ°ng nhá»¯ng kÃ½ á»©c vá» 6 nÄƒm trÆ°á»›c Ä‘Ã¢u Ä‘Ã³ chá»‰ thá»‰nh thoáº£ng xuáº¥t hiá»‡n trong nhá»¯ng cÃ¢u truyá»‡n Ä‘Æ¡n láº» mÃ  má»™t vÃ i ngÆ°á»i biáº¿t Ä‘áº¿n. 6 Tuá»•i lÃ  lÃºc má»™t Ä‘á»©a tráº» táº­p viáº¿t, cÃ²n vá»›i má»™t doanh nghiá»‡p thÃ¬ cÅ©ng khÃ´ng cÃ²n sá»›m Ä‘á»ƒ báº¯t Ä‘áº§u viáº¿t láº¡i nhá»¯ng hoáº¡t Ä‘á»™ng cá»§a mÃ¬nh má»™t cÃ¡ch chuáº©n chá»‰ hÆ¡n.

Náº¿u ai Ä‘Ã³ Ä‘Ã£ vÃ o ğ°ğ¢ğ¤ğ¢.ğ¡ğ›ğ¥ğšğ›.ğ¯ğ§ sáº½ Ä‘á»u tháº¥y mÃ¬nh cÃ³ quyá»n thao tÃ¡c(thÃªm, sá»­a, xÃ³a) vá»›i báº¥t ká»³ bÃ i viáº¿t nÃ o, NhÆ°ng hiá»‡n táº¡i Ä‘a sá»‘ má»i ngÆ°á»i chá»‰ dá»«ng láº¡i má»©c Ä‘á»™ lÃ  xem. HÃ£y nhá»› ráº±ng wiki lÃ  nÆ¡i lÆ°u giá»¯ tri thá»©c cá»§a má»i ngÆ°á»i, hÃ£y tá»± tÍŸhÍŸÃªÍŸmÍŸ nhá»¯ng thá»© chÆ°a cÃ³, hÃ£y sÍŸá»­ÍŸaÍŸ nhá»¯ng gÃ¬ Ä‘ang chÆ°a Ä‘Ãºng (vÃ  hÃ£y cÍŸhÍŸáº¯ÍŸcÍŸ ÍŸcÍŸhÍŸáº¯ÍŸnÍŸ vá» Ä‘iá»u Ä‘Ã³). HÃ£y tÆ°á»Ÿng tÆ°á»£ng 4 nÄƒm sau khi Cty lÃªn 1000 ngÆ°á»i chÃºng ta sáº½ cÃ³ Ä‘Æ°á»£c nhá»¯ng cÃ¢u truyá»‡n Ä‘Æ°á»£c sá»‘ hÃ³a tá»« hÃ ng trÄƒm cÃ¢y bÃºt trong cÃ´ng ty viáº¿t vá» cÃ¡ch mÃ  chÃºng Ä‘Ã£ Ä‘i Ä‘áº¿n Ä‘Æ°á»£c ngÃ y hÃ´m Ä‘Ã³: HÃ³a ra ngÃ y Ä‘Ã³ quy trÃ¬nh nhÆ° nÃ y Ã ? hÃ³a ra ngÃ y Ä‘Ã³ cÃ³ khÃ³a Global Citizen vá»›i máº¥y module nhÆ° nÃ y Ã ? Sáº½ cÃ²n ráº¥t nhiá»u thá»© Ä‘á»ƒ ká»ƒ vá» ná»¯a.


Há»¡i nhá»¯ng ngÆ°á»i anh em HBLAB, trÆ°á»›c khi Ä‘áº·t phÃ­m viáº¿t nhá»¯ng thÃ´ng tin mang giÃ¡ trá»‹ lÃ¢u dÃ i dÃ nh cho 1 nhÃ³m ngÆ°á»i hÃ£y nhá»› tá»›i chÃºng ta cÃ³ ğ°ğ¢ğ¤ğ¢.ğ¡ğ›ğ¥ğšğ›.ğ¯ğ§: viáº¿t Ä‘áº¹p hÆ¡n, lÆ°u trá»¯ lÃ¢u hÆ¡n, tÃ¬m kiáº¿m vÃ  chia sáº» hiá»‡u quáº£ hÆ¡n..."
HÆ°á»›ng dáº«n táº¡o 1 bÃ i viáº¿t trÃªn HBLAB Wiki,"Táº¡o bÃ i viáº¿t thÃ´ng qua search box
Äiá»n tiÃªu Ä‘á» cá»§a bÃ i viáº¿t vÃ o Ã´ tÃ¬m kiáº¿m (nhÆ° hÃ¬nh bÃªn pháº£i), khi báº¡n Ä‘iá»n há»‡ thá»‘ng sáº½ tá»± Ä‘á»™ng láº¥y ra nhá»¯ng bÃ i viáº¿t gáº§n vá»›i tiÃªu Ä‘á» Ä‘Ã³. Náº¿u nÃ³ cÃ³ rá»“i thÃ¬ báº¡n khÃ´ng nÃªn táº¡o má»›i, mÃ  hÃ£y kiáº¿m tra xem cÃ³ cáº§n thay Ä‘á»•i gÃ¬ khÃ´ng?

Náº¿u chÆ°a cÃ³ bÃ i viáº¿t nÃ o, thÃ¬ mÃ n hÃ¬nh sau sáº½ xuáº¥t hiá»‡n.

Create topic.png
NhÆ° hÃ¬nh bÃªn cáº¡nh, chÆ°a cÃ³ bÃ i viáº¿t nÃ o ""HÆ°á»›ng dáº«n táº¡o 1 bÃ i viáº¿t trÃªn HBLAB Wiki"", báº¡n click vÃ o ""HÆ°á»›ng dáº«n táº¡o 1 bÃ i viáº¿t trÃªn HBLAB Wiki"", Ä‘á»ƒ Ä‘i Ä‘áº¿n trang táº¡o bÃ i viáº¿t nÃ y.

ChÃº Ã½: TiÃªu Ä‘á» sáº½ ko sá»­a Ä‘Æ°á»£c á»Ÿ trong trang táº¡o bÃ i viáº¿t.
CÃ¡ch sá»­ dá»¥ng trÃ¬nh soáº¡n tháº£o(VisualEditor)
1. Insert: cÃ³ thá»ƒ thÃªm áº£nh/video, thÃªm cÃ¡c template, thÃªm table ..
    CÃ¡c tuá»³ chá»n cho page: thÃªm category, short link, táº¡o language cho bÃ i viáº¿t(1 bÃ i viáº¿t cÃ³ thá»ƒ táº¡o nhiá»u ngÃ´n ngá»¯, vÃ  ngÆ°á»i xem cÃ³ thá»ƒ chuyá»ƒn sang cÃ¡c ngÃ´n ngá»¯ khÃ¡c nhau Ä‘Æ°á»£c) ..
    Äá»ƒ chuyá»ƒn cháº¿ Ä‘á»™ viáº¿t bÃ i, cÃ³ 2 cháº¿ Ä‘á»™ :
2. VisualEditing: giao diá»‡n trá»±c quan
3. Source Editing: Sá»­a theo cÃ¡ch code, cÃ³ nhiá»u thÃ nh pháº§n pháº£i thÃªm thÃ´ng qua tÃ­nh nÄƒng nÃ y mÃ  ko thá»ƒ thÃªm á»Ÿ giao diá»‡n cá»§a Visual Editing
4. Save page: ThÃªm summary, cÃ³ thá»ƒ preview bÃ i viáº¿t trÆ°á»›c"
CÃ¡c chá»©c nÄƒng cá»§a trÃ¬nh soáº¡n tháº£o,"CÃ¡c chá»©c nÄƒng cÆ¡ báº£n
á» menu trÃªn tá»« trÃ¡i qua pháº£i:

- Paragraph: Set style cho Ä‘oáº¡n text: Paragraph, Heading,...

- A: Thay Ä‘á»•i phÃ´ng chá»¯, kÃ­ch thÆ°á»›c ...

- Link: ChÃ¨n link vÃ o bÃ i viáº¿t, nhá»¯ng link khÃ´ng pháº£i trong web nÃ y sáº½ Ä‘Æ°á»£c má»Ÿ á»Ÿ tab má»›i khi click vÃ o

- Numbered List: ÄÃ¡nh thá»© tá»±

- Insert: chÃ¨n áº£nh, video, biá»ƒu Ä‘á»“, table, thÆ° viá»‡n hÃ¬nh áº£nh ... ngoÃ i ra cÃ³ thá»ƒ chÃ¨n code vÃ o Ä‘á»ƒ cÃ³ mÃ u sáº¯c tÆ°Æ¡ng á»©ng Ä‘á»ƒ nhÃ¬n thÃ¬ dÃ¹ng Insert -> Code block

- Special Character: chÃ¨n cÃ¡c kÃ½ tá»± Ä‘áº·c biá»‡t

- Help:

- Notice: CÃ¡c thÃ´ng bÃ¡o

- Options: thiáº¿t láº­p cÃ¡c thuÃ´c tÃ­nh cho bÃ i viáº¿t, nhÆ° category, short url ...

- Editing Mode: cÃ³ 2 mode lÃ  Source Editing dÃ¹ng Ä‘á»ƒ chÃ¨n code, Visual Editing dÃ¹ng Ä‘á»ƒ chá»‰nh sá»­a trÃªn giao diá»‡n
CÃ¡c tÃ­nh nÄƒng pháº£i dÃ¹ng mode Source Editing
<pre> </pre>
DÃ¹ng Ä‘á»ƒ chÃ¨n code vÃ o

<!-- This is a comment -->


DÃ¹ng Ä‘á»ƒ comment trong Edit mode, nÃ³ sáº½ khÃ´ng hiá»ƒn thá»‹ trÃªn bÃ i viáº¿t


NgoÃ i ra cÃ²n cÃ³ cÃ¡c pháº§n Ä‘á»‹nh dáº¡ng khÃ¡c, báº¡n cÃ³ thá»ƒ xem táº¡i Ä‘Ã¢y: https://www.mediawiki.org/wiki/Help:Formatting"
NhÃºng Google Docs,"Khi chÃºng ta viáº¿t bÃ i trÃªn wiki cÃ³ khi chÃºng ta muá»‘n nhÃºng 1 tÃ i liá»‡u Google Docs : Google Sheet, Document vÃ o trong bÃ i viáº¿t thÃ¬ chÃºng ta cÃ³ thá»ƒ sá»­ dá»¥ng cÃ¡ch sau

ChÃ¨n Google ï¿½Sheet
sá»­ dá»¥ng trÃ¬nh Source Editing vÃ  chÃ¨n mÃ£ code dÆ°á»›i Ä‘Ã¢y

<googlespreadsheet width=""600"" height=""200"">Google Docs' key goes here</googlespreadsheet>

[Google Docs' key] láº¥y á»Ÿ trÃªn link cá»§a file

Chi tiáº¿t cÃ³ thá»ƒ xem thÃªm táº¡i Ä‘Ã¢y

ChÃ¨n Google Document
sá»­ dá»¥ng trÃ¬nh Source Editing vÃ  chÃ¨n mÃ£ code dÆ°á»›i Ä‘Ã¢y

<gdoc id=""your-google-doc-id"" width=""800"" height=""600"" />

[google-doc-id] láº¥y á»Ÿ trÃªn link cá»§a file

Chi tiáº¿t cÃ³ thá»ƒ xem táº¡i Ä‘Ã¢y"
ChÃ¨n biá»ƒu Ä‘á»“ vÃ o bÃ i viáº¿t,"Äá»ƒ chÃ¨n biá»ƒu Ä‘á»“ vÃ o bÃ i viáº¿t, chÃºng ta cÃ³ 2 cÃ¡ch dÆ°á»›i Ä‘Ã¢y

Export biá»ƒu ra áº£nh rá»“i chÃ¨n vÃ o
CÃ³ nhiá»u cÃ´ng cá»¥ miá»…n phÃ­ há»— trá»£ chÃºng ta táº¡o ra biá»ƒu Ä‘á»“, sau Ä‘Ã³ export ra file áº£nh, vÃ  cÃ³ thá»ƒ chÃ¨n vÃ o bÃ i viáº¿t nÃ y. VÃ­ dá»¥ cÃ¡c cÃ´ng cá»¥ hay Ä‘Æ°á»£c sá»­ dá»¥ng: draw.io, cacoo ...

DÃ¹ng code báº±ng PlantUML
Hiá»‡n táº¡i HBLAB Wiki Ä‘Ã£ tÃ­ch há»£p PlantUML Ä‘á»ƒ cÃ³ thá»ƒ váº½ Ä‘Æ°á»£c cÃ¡c biá»ƒu Ä‘á»“ UML, Ä‘á»ƒ cÃ³ thá»ƒ dá»… dÃ ng chá»‰nh sá»­a mÃ  khÃ´ng cáº§n pháº£i vÃ o cÃ¡c tool bÃªn thá»© 3 khÃ¡c.

ÄÃ£ cÃ³ 1 bÃ i viáº¿t chi tiáº¿t vá» cÃ¡ch váº½ biá»ƒu Ä‘á»“ báº±ng PlantUML á»Ÿ Ä‘Ã¢y: Váº½ biá»ƒu Ä‘á»“ sequence diagram, activity diagram ... báº±ng PlantUML

Äá»ƒ cÃ³ thá»ƒ chÃ¨n Ä‘Æ°á»£c code plantUML, thÃ¬ cáº§n pháº£i chuyá»ƒn trÃ¬nh soáº¡n tháº£o sang cháº¿ Ä‘á»™ Source Editing

Source Editing.png
Sau khi chuyá»ƒn sang cháº¿ Ä‘á»™ Source Editing, Ä‘á»ƒ chÃ¨n code plantUML vÃ o thÃ¬ cáº§n pháº£i Ä‘á»ƒ code vÃ o trong tháº» `<uml>` nhÆ° dÆ°á»›i Ä‘Ã¢y:

<uml>

</uml>
VÃ­ dá»¥ Ä‘Æ¡n giáº£n:

<uml>
Alice -> Bob: Authentication Request
Bob --> Bob: Check
Bob --> Alice: Authentication Response
</uml>"
Upload file vÃ  chÃ¨n vÃ o bÃ i viáº¿t,"CÃ³ 2 cÃ¡ch Ä‘á»ƒ upload file

ThÃ´ng qua trang quáº£n lÃ½ file
Upload fileUp.png
VÃ o trang Upload file: chá»n file cáº§n upload, sau Ä‘Ã³ Ä‘iá»n tÃªn file vÃ  mÃ´ táº£ vá» file Ä‘áº¥y, Ä‘á»ƒ cho viá»‡c tÃ¬m kiáº¿m dá»… dÃ ng.
Click vÃ o ""list of uploaded files"" Ä‘á»ƒ xem nhá»¯ng file Ä‘Ã£ Ä‘Æ°á»£c upload lÃªn




ThÃ´ng qua tÃ­nh nÄƒng cá»§a trÃ¬nh soáº¡n tháº£o
Upload file editor.png.png
VÃ o Insert -> Images and media: chá»n file cáº§n upload lÃªn, Ä‘iá»n thÃ´ng tin Ä‘áº§y Ä‘á»§ rá»“i upload file.


á» Ä‘Ã¢y cÅ©ng cÃ³ thá»ƒ tÃ¬m nhá»¯ng file Ä‘Ã£ up lÃªn vÃ  chÃ¨n vÃ o bÃ i viáº¿t."
CÃ¡c há»‡ thá»‘ng cá»§a HBLAB,"Blog: NÆ¡i lÆ°u trá»¯ cÃ¡c bÃ i viáº¿t cá»§a developers
OPMS: NÆ¡i quáº£n lÃ½ thÃ´ng tin nhÃ¢n sá»±, quáº£n lÃ½ má»¥c tiÃªu, xin OT, quáº£n lÃ½ dá»± Ã¡n ....
Feedback: NÆ¡i quáº£n lÃ½ cÃ¡c request cá»§a moi ngÆ°á»i: request thiáº¿t bá»‹, Ä‘á»“ng dÃ¹ng ... cÃ³ thá»ƒ gá»­i cÃ¡c claim á»Ÿ Ä‘Ã¢y
Gitlab: NÆ¡i quáº£n lÃ½ source code
Sonar: Há»‡ thá»‘ng tá»± Ä‘á»™ng kiáº¿m tra convention code cá»§a cÃ¡c dá»± Ã¡n
Backlog: Quáº£n lÃ½ task cá»§a dá»± Ã¡n
HÆ°á»›ng dáº«n sá»­ dá»¥ng backlog:HÆ°á»›ng dáº«n sá»­ dá»¥ng backlog
HÆ°á»›ng dáº«n luá»“ng quáº£n lÃ½ Task vÃ  Defect trÃªn tool Backlog: HÆ°á»›ng dáº«n luá»“ng quáº£n lÃ½ Task vÃ  Defect trÃªn tool Backlog
HÆ°á»›ng dáº«n quáº£n lÃ½ task chi tiáº¿t trÃªn tool Backlog: HÆ°á»›ng dáº«n quáº£n lÃ½ task chi tiáº¿t trÃªn tool Backlog
HÆ°á»›ng dáº«n quáº£n lÃ½ defect chi tiáº¿t trÃªn tool Backlog: HÆ°á»›ng dáº«n quáº£n lÃ½ defect chi tiáº¿t trÃªn tool Backlog
HÆ°á»›ng dáº«n import Issue lÃªn tool Backlog: HÆ°á»›ng dáº«n import Issue lÃªn tool Backlog
Chatwork: KÃªnh trao Ä‘á»•i
HBLAB All - Quy Ä‘á»‹nh Sá»­ dá»¥ng HBLAB All
HBLAB Developer: KÃªnh trao Ä‘á»•i vá» ká»¹ thuáº­t cá»§a cÃ¡c developers
FOOTBALL: KÃªnh cÃ¢u láº¡c bá»™ bÃ³ng Ä‘Ã¡
BADMINTON: KÃªnh cÃ¢u láº¡c bá»™ cáº§u lÃ´ng
HBLAB - NOTIFICATION: KÃªnh thÃ´ng bÃ¡o cá»§a cÃ´ng ty - Quy Ä‘á»‹nh Sá»­ dá»¥ng HBLAB - NOTIFICATION
Tips sá»­ dá»¥ng Chatwork hiá»‡u quáº£
Facebook Group: KÃªnh trao Ä‘á»•i
FB Group HBLAB Family: NhÃ¢n viÃªn join vÃ o Group trong Quy trÃ¬nh Onboard do HR hÆ°á»›ng dáº«n. Cáº§n tráº£ lá»i cÃ¢u há»i xÃ¡c minh Ä‘á»ƒ Ä‘Æ°á»£c duyá»‡t lÃ m thÃ nh viÃªn.
Quy Ä‘á»‹nh Sá»­ dá»¥ng FB Group HBLAB Family
Email @hblab.vn: KÃªnh trao Ä‘á»•i
Quy Ä‘á»‹nh Sá»­ dá»¥ng Email @hblab.vn
Danh sÃ¡ch Account email cÃ¡c phÃ²ng ban
HÆ°á»›ng dáº«n thay Ä‘á»•i chá»¯ kÃ½ Gmail @hblab.vn
Radio Time: KÃªnh thÃ´ng tin tá»•ng há»£p - Quy trÃ¬nh sáº£n xuáº¥t kÃªnh Radio
Há»‡ thá»‘ng há»c online: Learning Hub"
HÆ°á»›ng dáº«n Ä‘áº·t lá»‹ch phÃ²ng há»p,"Äá»ƒ vÃ o trang Ä‘áº·t lá»‹ch Google Calendar cá»§a cÃ´ng ty, cÃ³ thá»ƒ vÃ o trá»±c tiáº¿p vÃ o 2 link dÆ°á»›i Ä‘Ã¢y:

- https://calendar.google.com/

- https://calendar.hblab.vn/


Contents
1	I. CÃ¡ch Ä‘áº·t lá»‹ch phÃ²ng há»p trÃªn Google Calendar
2	II. CÃ¡ch chá»n phÃ²ng há»p
3	III. Kiá»ƒm tra thá»i gian trá»‘ng cÃ¡c phÃ²ng há»p
4	IV. CÃ¡ch add thÃªm phÃ²ng vÃ o Calendar
I. CÃ¡ch Ä‘áº·t lá»‹ch phÃ²ng há»p trÃªn Google Calendar
- (1): Äá»ƒ táº¡o lá»‹ch cÃ³ thá»ƒ click vÃ o button ""Create"", hoáº·c click vÃ o khoáº£ng thá»i gian mÃ  báº¡n muá»‘n Ä‘áº·t lá»‹ch trÃªn Calendar

- (2): Äiá»n tÃªn cuá»™c há»p: [Äá»‹a Ä‘iá»ƒm][Bá»™ pháº­n] Ná»™i dung cuá»™c há»p

VÃ­ dá»¥: [Learning][L&D] Weekly meeting

- (3): Add guest nhá»¯ng ngÆ°á»i liÃªn quan vÃ o (Ä‘iá»n email)

- (4): Add rooms or location. Chá»n phÃ²ng há»p, sáº½ nÃ³i chi tiáº¿t á»Ÿ phÃ­a dÆ°á»›i vá» chá»n phÃ²ng há»p

- (5): Chá»‰nh sá»­a chi tiáº¿t (More opptions)

- (6): Save cuá»™c há»p láº¡i trÃªn calendar
II. CÃ¡ch chá»n phÃ²ng há»p
Hiá»‡n táº¡i cÃ´ng ty cÃ³ 6 phÃ²ng vÃ  1 khu vá»±c há»p lá»›n táº¡i Relax

Responsibility Room: phÃ²ng há»p cáº¡nh phÃ²ng server, dÃ nh cho 9 ngÆ°á»i
Honesty Room: phÃ²ng há»p VIP, dÃ nh cho 12 ngÆ°á»i
Sharing Room: phÃ²ng phá»ng váº¥n ngay cá»­a ra vÃ o, dÃ nh cho 7 ngÆ°á»i
Cá»¥m 3 phÃ²ng há»p: 3 phÃ²ng há»p Ä‘Æ°á»£c ngÄƒn cÃ¡ch bá»Ÿi cÃ¡c táº¥m vÃ¡ch ngÄƒn di Ä‘á»™ng. Trong trÆ°á»ng há»£p cÃ¡c team cáº§n sá»­ dá»¥ng 2 phÃ²ng cÃ¹ng má»™t lÃºc (ghÃ©p phÃ²ng) thÃ¬ cáº§n book lá»‹ch há»p 2 phÃ²ng trong cÃ¹ng 1 khoáº£ng thá»i gian
+ Learning Room: phÃ²ng lá»›n, dÃ nh cho 24 ngÆ°á»i

+ Agile Room: phÃ²ng nhá», dÃ nh cho 5 ngÆ°á»i

+ Quality Room: phÃ²ng nhá», dÃ nh cho 5 ngÆ°á»i

Relax: Viá»‡c Ä‘áº·t lá»‹ch táº¡i khu Relax chá»‰ dÃ nh cho cÃ¡c cuá»™c Ä‘Ã o táº¡o cÃ³ sá»‘ lÆ°á»£ng lá»›n, cáº§n full khÃ´ng gian khu vá»±c (cÃ¡c cuá»™c há»p nhÃ³m nhá», Ã­t ngÆ°á»i thi khÃ´ng cáº§n Ä‘áº·t)
+ Khi cÃ³ nhu cáº§u Ä‘áº·t lá»‹ch táº¡i khu vá»±c RELAX, má»i ngÆ°á»i Ä‘áº·t lá»‹ch trá»±c tiáº¿p cho team Admin (TrangDTT, ThuyNT2, QuyenLTK)

+ Táº¥t cáº£ lá»‹ch Ä‘áº·t táº¡i khu Relax khÃ´ng pháº£i do team Admin Ä‘áº·t sáº½ tá»± Ä‘á»™ng bá»‹ xÃ³a khá»i Calendar

NgoÃ i ra, cÃ³ thÃªm cÃ¡c phÃ²ng (hiá»‡n chÆ°a cÃ³ lá»‹ch book trÃªn calendar):

Happiness Room: phÃ²ng cáº¡nh kho, Æ°u tiÃªn cho chá»‹ em cÃ³ con nhá» sá»­ dá»¥ng, hoáº·c lÃ  nÆ¡i Ä‘á»ƒ nghá»‰ ngÆ¡i y táº¿
Phonebooth: phÃ²ng dÃ nh cho cÃ¡c cuá»™c trao Ä‘á»•i nhá» (2 ngÆ°á»i) hoáº·c nÆ¡i Ä‘á»ƒ cÃ¡ nhÃ¢n call riÃªng vá»›i khÃ¡ch hÃ ng
III. Kiá»ƒm tra thá»i gian trá»‘ng cÃ¡c phÃ²ng há»p
(1) Äiá»n tÃªn phÃ²ng muá»‘n check, vÃ­ dá»¥ trong áº£nh lÃ  Responsibility Room

Khi Ä‘Ã³ cÃ¡c lá»‹ch há»p Ä‘Ã£ Ä‘Æ°á»£c Ä‘áº·t dÃ¹ng phÃ²ng Responsibility Room sáº½ hiá»ƒn thá»‹ ra, báº¡n chá»‰ cáº§n chá»n thá»i gian mÃ  phÃ²ng nÃ y ráº£nh thÃ¬ cÃ³ thá»ƒ Ä‘áº·t lá»‹ch cho cuá»™c há»p cá»§a mÃ¬nh.


HÃŒNH 3. KIá»‚M TRA THá»œI GIAN TRá»NG CÃC PHÃ’NG Há»ŒP
IV. CÃ¡ch add thÃªm phÃ²ng vÃ o Calendar
Xuáº¥t phÃ¡t tá»« nhu cáº§u má»Ÿ rá»™ng vÄƒn phÃ²ng vá»›i má»¥c Ä‘Ã­ch Ä‘Ã o táº¡o, tá»• chá»©c cÃ¡c cuá»™c há»p, hoáº¡t Ä‘á»™ng nhÃ³m. CÃ´ng ty chÃ­nh thá»©c Ä‘Æ°a vÃ o sá»­ dá»¥ng há»‡ thá»‘ng 2 phÃ²ng há»p dÆ°á»›i táº§ng 1 lá»­ng"
HÆ°á»›ng dáº«n sá»­ dá»¥ng OPMS,"[OPMS-Appraisal] User Guide for Management (Vietnamese)
[OPMS-Appraisal] User Guide for Management (English)
[OPMS-Appraisal] User Guide for Members (Vietnamese)
[OPMS-Appraisal] User Guide for Members (English)
[OPMS-Project] HÆ°á»›ng dáº«n log OT
[OPMS-Working Timesheet] User guide"
Lá»‹ch nghá»‰ lá»… nÄƒm 2022,"I. HBLAB Viá»‡t Nam
NÄƒm 2022 ngÆ°á»i lao Ä‘á»™ng táº¡i Viá»‡t Nam sáº½ Ä‘Æ°á»£c nghá»‰ cÃ¡c ngÃ y lá»…, Táº¿t sau:

- Táº¿t DÆ°Æ¡ng lá»‹ch: 03 ngÃ y;

- Táº¿t Ã‚m lá»‹ch: 09 ngÃ y;

- NgÃ y Giá»— Tá»• HÃ¹ng VÆ°Æ¡ng: 03 ngÃ y;

- NgÃ y Giáº£i phÃ³ng miá»n Nam vÃ  Quá»‘c táº¿ Lao Ä‘á»™ng: 04 ngÃ y;

- Quá»‘c khÃ¡nh: 04 ngÃ y;

Do Ä‘Ã³, nÄƒm 2022, ngÆ°á»i lao Ä‘á»™ng cÃ³ cháº¿ Ä‘á»™ lÃ m viá»‡c nghá»‰ thá»© báº£y, chá»§ nháº­t hÃ ng tuáº§n sáº½ cÃ³ táº¥t cáº£ 23 ngÃ y nghá»‰ lá»…, Táº¿t. Cá»¥ thá»ƒ nhÆ° sau:

1. Táº¿t DÆ°Æ¡ng lá»‹ch 2022 - 03 ngÃ y

Táº¿t DÆ°Æ¡ng lá»‹ch nÄƒm 2022 (ngÃ y 01/01/2022) rÆ¡i vÃ o thá»© Báº£y, tiáº¿p Ä‘Ã³ lÃ  ngÃ y nghá»‰ Chá»§ nháº­t. VÃ¬ váº­y, ngÆ°á»i lao Ä‘á»™ng cÃ³ cháº¿ Ä‘á»™ nghá»‰ 2 ngÃ y/tuáº§n (nghá»‰ thá»© Báº£y vÃ  Chá»§ nháº­t hÃ ng tuáº§n) sáº½ Ä‘Æ°á»£c nghá»‰ 3 ngÃ y, tá»« 01/01/2022 Ä‘áº¿n háº¿t ngÃ y 03/01/2022.

2. Táº¿t Ã‚m lá»‹ch 2022 - 09 ngÃ y

Táº¿t Ã‚m lá»‹ch NhÃ¢m Dáº§n tá»« ngÃ y 29/01/2022 Ä‘áº¿n háº¿t ngÃ y 06/02/2022. NhÆ° váº­y, ngÆ°á»i lao Ä‘á»™ng Ä‘Æ°á»£c nghá»‰ liÃªn tá»¥c 09 ngÃ y, tá»« thá»© Báº£y (ngÃ y 29/01/2022 - 27 thÃ¡ng Cháº¡p nÄƒm TÃ¢n Sá»­u) Ä‘áº¿n háº¿t ngÃ y chá»§ nháº­t (ngÃ y 06/02/2022 - MÃ¹ng 6 thÃ¡ng GiÃªng nÄƒm NhÃ¢m Dáº§n).

3. Giá»— tá»• HÃ¹ng VÆ°Æ¡ng - 03 ngÃ y

Dá»‹p giá»— tá»• HÃ¹ng VÆ°Æ¡ng (10/03 Ã‚m lá»‹ch) nÄƒm 2022 rÆ¡i vÃ o ngÃ y Chá»§ nháº­t, 10/04/2022 DÆ°Æ¡ng lá»‹ch. Do Ä‘Ã³, ngÆ°á»i lao Ä‘á»™ng sáº½ Ä‘Æ°á»£c nghá»‰ bÃ¹ vÃ o ngÃ y thá»© Hai, 11/04/2022.

4. NgÃ y Giáº£i phÃ³ng miá»n Nam vÃ  Quá»‘c táº¿ Lao Ä‘á»™ng (30/4 - 1/5) - 04 ngÃ y

NÄƒm 2022, ngÃ y Giáº£i phÃ³ng miá»n Nam (30/4) vÃ  ngÃ y Quá»‘c táº¿ lao Ä‘á»™ng (01/5) rÆ¡i vÃ o thá»© Báº£y vÃ  Chá»§ Nháº­t nÃªn ngÆ°á»i lao Ä‘á»™ng sáº½ Ä‘Æ°á»£c nghá»‰ bÃ¹ ngÃ y thá»© Hai vÃ  thá»© Ba cá»§a tuáº§n tiáº¿p theo.

NhÆ° váº­y, trong dá»‹p lá»… nÃ y, ngÆ°á»i lao Ä‘á»™ng sáº½ Ä‘Æ°á»£c nghá»‰ 04 ngÃ y liÃªn tiáº¿p tá»« ngÃ y 30/04/2022 Ä‘áº¿n háº¿t ngÃ y 03/05/2022.

5. NgÃ y Quá»‘c khÃ¡nh (02/9)

PhÆ°Æ¡ng Ã¡n nghá»‰ lá»… Quá»‘c khÃ¡nh tá»« ngÃ y 01/09/2022 Ä‘áº¿n háº¿t ngÃ y 04/09/2022. NhÆ° váº­y, ngÆ°á»i lao Ä‘á»™ng sáº½ Ä‘Æ°á»£c nghá»‰ liÃªn tá»¥c 04 ngÃ y."
"ThÃ´ng bÃ¡o, Quyáº¿t Ä‘á»‹nh ban hÃ nh","ThÃ´ng bÃ¡o, Quyáº¿t Ä‘á»‹nh ban hÃ nh nÄƒm 2021
ThÃ´ng bÃ¡o, Quyáº¿t Ä‘á»‹nh ban hÃ nh nÄƒm 2022
ThÃ´ng bÃ¡o, Quyáº¿t Ä‘á»‹nh ban hÃ nh nÄƒm 2023"
CÃ¡c quy Ä‘á»‹nh vá» Báº£o máº­t an toÃ n thÃ´ng tin,https://docs.google.com/document/d/1iX0B7kALLkgHQDvm2AoSaL-_m4Trx0nH/edit#heading=h.bte20x94s6k5
Lá»‹ch nghá»‰ Lá»… nÄƒm 2023,"I. HBLAB Viá»‡t Nam
NÄƒm 2023 ngÆ°á»i lao Ä‘á»™ng táº¡i Viá»‡t Nam sáº½ Ä‘Æ°á»£c nghá»‰ cÃ¡c ngÃ y lá»…, Táº¿t sau:

- Táº¿t DÆ°Æ¡ng lá»‹ch: 02 ngÃ y;

- Táº¿t Ã‚m lá»‹ch: 10 ngÃ y;

- Giá»— Tá»• HÃ¹ng VÆ°Æ¡ng (10/3 Ã‚m lá»‹ch) vÃ  NgÃ y 30/4 - Quá»‘c táº¿ lao Ä‘á»™ng 1/5 liá»n ká» nhau: 05 ngÃ y

- NgÃ y Quá»‘c khÃ¡nh: 04 ngÃ y;

Do Ä‘Ã³, nÄƒm 2023, ngÆ°á»i lao Ä‘á»™ng cÃ³ cháº¿ Ä‘á»™ lÃ m viá»‡c nghá»‰ thá»© Báº£y, Chá»§ nháº­t hÃ ng tuáº§n sáº½ cÃ³ táº¥t cáº£ 21 ngÃ y nghá»‰ lá»…, Táº¿t. Cá»¥ thá»ƒ nhÆ° sau:

1. Táº¿t DÆ°Æ¡ng lá»‹ch 2023 - 02 ngÃ y

Táº¿t DÆ°Æ¡ng lá»‹ch nÄƒm 2023 (ngÃ y 01/01/2023) rÆ¡i vÃ o chá»§ Nháº­t. VÃ¬ váº­y, CBNV sáº½ Ä‘Æ°á»£c nghá»‰ bÃ¹ 1 ngÃ y vÃ o thá»© Hai káº¿ tiáº¿p, tá»« 01/01/2023 Ä‘áº¿n háº¿t ngÃ y 02/01/2023.

2. Táº¿t Ã‚m lá»‹ch 2023 - 10 ngÃ y

Táº¿t Ã‚m lá»‹ch QuÃ½ MÃ£o tá»« ngÃ y 20/01/2023 Ä‘áº¿n háº¿t ngÃ y 26/01/2023. Tuy nhiÃªn, Ä‘á»ƒ táº¡o Ä‘iá»u kiá»‡n cho CBNV Ä‘Æ°á»£c nghá»‰ dá»‹p Táº¿t bÃªn gia Ä‘Ã¬nh Ä‘Æ°á»£c liá»n máº¡ch, nÃªn CBNV sáº½ lÃ m bÃ¹ cho ngÃ y 27/01/2023 vÃ o ngÃ y thá»© Báº£y Ä‘áº§u tiÃªn cá»§a thÃ¡ng Má»™t, tá»©c ngÃ y thá»© Báº£y, 07/01/2023. VÃ¬ váº­y, CBNV sáº½ Ä‘Æ°á»£c nghá»‰ liÃªn tá»¥c 10 ngÃ y, tá»« thá»© SÃ¡u (ngÃ y 20/01/2023 â€“ 29 thÃ¡ng Cháº¡p nÄƒm NhÃ¢m Dáº§n ) Ä‘áº¿n háº¿t ngÃ y Chá»§ nháº­t (ngÃ y 29/01/2023 - MÃ¹ng 8 thÃ¡ng GiÃªng nÄƒm Quá»¹ MÃ£o).

3. Giá»— tá»• HÃ¹ng VÆ°Æ¡ng vÃ  NgÃ y Giáº£i phÃ³ng miá»n Nam vÃ  Quá»‘c táº¿ Lao Ä‘á»™ng (30/4 - 1/5) â€“ 05 ngÃ y

Dá»‹p Giá»— tá»• HÃ¹ng VÆ°Æ¡ng (10/03 Ã‚m lá»‹ch) vÃ  dá»‹p 30/4 - Quá»‘c táº¿ Lao Ä‘á»™ng 1/5 liá»n ká» nhau, rÆ¡i vÃ o cuá»‘i tuáº§n tá»« ngÃ y thá»© Báº£y, 29/04/2023. VÃ¬ váº­y, CBNV sáº½ Ä‘Æ°á»£c nghá»‰ bÃ¹ vÃ o ngÃ y lÃ m viá»‡c cá»§a tuáº§n káº¿ tiáº¿p. Ká»³ nghá»‰ sáº½ kÃ©o dÃ i 05 ngÃ y, tá»« ngÃ y thá»© Báº£y, 29/04/2023 Ä‘áº¿n háº¿t ngÃ y thá»© TÆ°, 03/05/2023

4. NgÃ y Quá»‘c khÃ¡nh (02/09)

Nghá»‰ lá»… Quá»‘c khÃ¡nh tá»« thá»© SÃ¡u, ngÃ y 01/09/2023 Ä‘áº¿n háº¿t ngÃ y 04/09/2023. NhÆ° váº­y, CBNV sáº½ Ä‘Æ°á»£c nghá»‰ liÃªn tá»¥c 04 ngÃ y.

II. HBLAB Japan
1.    Lá»‹ch nghá»‰ lá»… thÃ¡ng 01/2023

-       01/01/2023 Táº¿t DÆ°Æ¡ng lá»‹ch

-       02/01/2023: Táº¿t DÆ°Æ¡ng lá»‹ch

-       03/01/2023: Táº¿t DÆ°Æ¡ng lá»‹ch

-       09/01/2023: NgÃ y lá»… khÃ¡c

-       20/01/2023: Táº¿t Ã‚m lá»‹ch

-       23/01/2023: Táº¿t Ã‚m lá»‹ch

2.    Lá»‹ch nghá»‰ lá»… thÃ¡ng 02/2023

-       11/02/2023: NgÃ y lá»… khÃ¡c

-       23/02/2023: NgÃ y lá»… khÃ¡c

3.    Lá»‹ch nghá»‰ lá»… thÃ¡ng 03/2023

-       21/03/2023: NgÃ y lá»… khÃ¡c

4.    Lá»‹ch nghá»‰ lá»… thÃ¡ng 04/2023

-       29/04/2023: NgÃ y lá»… khÃ¡c

5.    Lá»‹ch nghá»‰ lá»… thÃ¡ng 05/2023

-       03/05/2023: NgÃ y lá»… khÃ¡c

-       04/05/2023: NgÃ y lá»… khÃ¡c

-       05/05/2023: NgÃ y lá»… khÃ¡c

6.    Lá»‹ch nghá»‰ lá»… thÃ¡ng 06/2023

KhÃ´ng cÃ³ ngÃ y nghá»‰ lá»…

7.    Lá»‹ch nghá»‰ lá»… thÃ¡ng 07/2023

-       17/07/2023: NgÃ y lá»… khÃ¡c

""8.    Lá»‹ch nghá»‰ lá»… thÃ¡ng 08/2023

-       11/08/2023: NgÃ y lá»… khÃ¡c""

9.    Lá»‹ch nghá»‰ lá»… thÃ¡ng 09/2023

-       18/09/2023: NgÃ y lá»… khÃ¡c

-       23/09/2023: NgÃ y lá»… khÃ¡c

10.    Lá»‹ch nghá»‰ lá»… thÃ¡ng 10/2023

-       10/10/2023: NgÃ y lá»… khÃ¡c

11.    Lá»‹ch nghá»‰ lá»… thÃ¡ng 11/2023

-       03/11/2023: NgÃ y lá»… khÃ¡c

-       23/11/2023: NgÃ y lá»… khÃ¡c

-       28/11/2023: NgÃ y thÃ nh láº­p CÃ´ng ty

12.    Lá»‹ch nghá»‰ lá»… thÃ¡ng 12/2023

-       29/12/2023: Táº¿t DÆ°Æ¡ng lá»‹ch

-       30/12/2023: Táº¿t DÆ°Æ¡ng lá»‹ch

-       31/12/2023: Táº¿t DÆ°Æ¡ng lá»‹ch"
CÃ¡c sá»± kiá»‡n cá»§a HBLAB 2021,"Sá»± kiá»‡n cá»§a HBLAB nÄƒm 2021
Lá»‹ch nghá»‰ Lá»… nÄƒm 2021"
CÃ¡c tÃ i liá»‡u vá» quy trÃ¬nh sáº£n xuáº¥t,"Khá»‘i sáº£n xuáº¥t
QT-SX-01-Standard Process
QT-SX-02-L2 Process
QT-SX-03-AI Process
QT-SX-04-Requirement Process
QT-SX-05-Design Process
QT-SX-06-Code Process
QT-SX-07-Test Process
QT-SX-08-Causal Analysis and Resolution
QA
QT-QA-01-Quy trÃ¬nh xÃ¢y dá»±ng vÃ  quáº£n lÃ½ quy trÃ¬nh
QT-QA-02-Quy trÃ¬nh kiá»ƒm soÃ¡t quy trÃ¬nh dá»± Ã¡n
QT-QA-01-QA check_Finalinspection"
CÃ¡c tÃ i liá»‡u vá» bá»™ pháº­n L&D,"CÃ¡c chÆ°Æ¡ng trÃ¬nh Ä‘ang tuyá»ƒn sinh
Bá»©c tranh há»c táº­p HBLAB
ChÆ°Æ¡ng trÃ¬nh dÃ nh cho ToÃ n dÃ¢n
ChÆ°Æ¡ng trÃ¬nh dÃ nh cho Developer
ChÆ°Æ¡ng trÃ¬nh dÃ nh cho QC
ChÆ°Æ¡ng trÃ¬nh dÃ nh cho PM
ChÆ°Æ¡ng trÃ¬nh dÃ nh cho Quáº£n lÃ½
ChÆ°Æ¡ng trÃ¬nh dÃ nh cho Tech Lead
ChÆ°Æ¡ng trÃ¬nh dÃ nh cho cÃ¡c vá»‹ trÃ­ khÃ¡c
CÃ¡c chÆ°Æ¡ng trÃ¬nh sáº¯p khai giáº£ng
ThÆ° viá»‡n HBLAB
Báº£n tin há»c táº­p HBLAB
KhÃ´ng gian há»c táº­p Udemy
CÆ¡ cháº¿ thÆ°á»Ÿng chá»©ng chá»‰"
DÃ nh cho developers,"Quy trÃ¬nh engineering
Clean code: coding conventions, checklist clean code, review code process
Git: git flow development, git convention
Career path : Lá»™ trÃ¬nh phÃ¡t triá»ƒn"
CÃ¡c tÃ i liá»‡u vá» quy trÃ¬nh BackOffice,"Quy trÃ¬nh Admin chung
Quy trÃ¬nh Káº¿ toÃ¡n
Quy trÃ¬nh NhÃ¢n sá»±
Quy trÃ¬nh Truyá»n thÃ´ng
Quy trÃ¬nh IT
Quy trÃ¬nh chá»‘t dá»± Ã¡n"
"CÃ¡c tÃ i liá»‡u vá» quy trÃ¬nh Sale, Marketing","TÃ i liá»‡u Marketing
TÃ i liá»‡u Sale"
CÃ¡c tÃ i liá»‡u vá» quy trÃ¬nh Tá»•ng há»™i,"CÆ¡ cháº¿ hoáº¡t Ä‘á»™ng cá»§a Tá»•ng Há»™i
Thu - Chi quá»¹ Tá»•ng Há»™i
CÃ¡c hoáº¡t Ä‘á»™ng vÃ  Budget tá»• chá»©c
ChÆ°Æ¡ng trÃ¬nh há»— trá»£ mÃ¹a dá»‹ch"
HBLAB - Notification,"PhÃ²ng chá»‘ng dá»‹ch
HÆ°á»›ng dáº«n sá»­ dá»¥ng tiáº¿t kiá»‡m Ä‘iá»‡n nÄƒng (tá»« 22/6/2021 Ä‘áº¿n 22/07/2021)
ThÃ´ng bÃ¡o vá» viá»‡c Ä‘Æ°a táº§ng 1 Lá»­ng vÃ o sá»­ dá»¥ng"
HÃ nh chÃ­nh nhÃ¢n sá»± Marketing - Há»— trá»£,"ChÃºng tÃ´i ráº¥t vui khi Ä‘Æ°á»£c há»— trá»£ báº¡n, vui lÃ²ng Ä‘iá»n thÃ´ng tin theo tá»«ng chá»©c nÄƒng bÃªn dÆ°á»›i Ä‘á»ƒ chÃºng tÃ´i xá»­ lÃ½ yÃªu cáº§u cá»§a báº¡n nhanh hÆ¡n.

0. Äá»ƒ theo dÃµi quÃ¡ trÃ¬nh xá»­ lÃ½ cÃ¡c yÃªu cáº§u, anh chá»‹ cÃ³ thá»ƒ xem Táº I ÄÃ‚Y.

1.YÃªu cáº§u vá» IT

YÃªu cáº§u sá»± support tá»« nhÃ¢n viÃªn IT
YÃªu cáº§u cáº¥p thÃªm thiáº¿t bá»‹ IT phá»¥c vá»¥ cÃ´ng viá»‡c
2. YÃªu cáº§u vá» Truyá»n thÃ´ng, sá»± kiá»‡n - Marketing Team

YÃªu cáº§u truyá»n thÃ´ng, tá»• chá»©c sá»± kiá»‡n
Lá»‹ch Ä‘Äƒng kÃ½ Truyá»n thÃ´ng
Form MÃ´ táº£ yÃªu cáº§u
3. YÃªu cáº§u vá» NhÃ¢n Sá»±

Tuyá»ƒn dá»¥ng
ThÆ°á»Ÿng chá»©ng chá»‰
Báº£o hiá»ƒm xÃ£ há»™i, Báº£o hiá»ƒm PVI
4. YÃªu cáº§u vá» HÃ nh ChÃ­nh (cÃ¡c váº¥n Ä‘á» chung)

CÆ¡ sá»Ÿ váº­t cháº¥t & Ä‘á»“ dÃ¹ng cÃ¡ nhÃ¢n
Há»— trá»£ sá»± kiá»‡n
GÃ³p Ã½ cho bá»™ pháº­n HCNS"
Quy trÃ¬nh ISMS,"Link quy trÃ¬nh: ISMS
CÃ´ng bá»‘ Ã¡p dá»¥ng: SOA"